survey_week,beach,species,species_type,total
2011-02-28,NORTH,SNPL,Shorebird,58
2011-02-28,SOUTH,SNPL,Shorebird,682
2011-03-07,SOUTH,SNPL,Shorebird,96
2011-04-11,SOUTH,SEPL,Shorebird,5
2011-04-11,SOUTH,SNPL,Shorebird,47
2011-04-11,SOUTH,WESA,Shorebird,4
2011-05-09,NORTH,BBPL,Shorebird,16
2011-05-09,NORTH,SAND,Shorebird,2
2011-05-09,NORTH,SEPL,Shorebird,5
2011-05-09,NORTH,SNPL,Shorebird,107
2011-05-09,NORTH,WHIM,Shorebird,90
2011-05-09,SOUTH,SNPL,Shorebird,100
2011-05-16,NORTH,SAND,Shorebird,5
2011-05-16,NORTH,SNPL,Shorebird,117
2011-05-16,SOUTH,SNPL,Shorebird,114
2011-05-30,NORTH,SNPL,Shorebird,35
2011-05-30,SOUTH,SNPL,Shorebird,129
2011-06-06,NORTH,SNPL,Shorebird,108
2011-06-06,NORTH,WHIM,Shorebird,102
2011-06-06,SOUTH,SNPL,Shorebird,123
2011-06-13,NORTH,CAGU,Gull,2
2011-06-13,NORTH,SNPL,Shorebird,26
2011-06-13,NORTH,WEGU,Gull,62
2011-06-13,SOUTH,SNPL,Shorebird,175
2011-06-13,SOUTH,WEGU,Gull,20
2011-06-20,NORTH,HEEG,Gull,80
2011-06-20,NORTH,LBCU,Shorebird,4
2011-06-20,NORTH,SNPL,Shorebird,50
2011-06-20,NORTH,WHIM,Shorebird,30
2011-06-20,PURISIMA,SNPL,Shorebird,2
2011-06-20,SOUTH,SNPL,Shorebird,151
2011-06-20,SOUTH,WEGU,Gull,10
2011-06-27,NORTH,HEEG,Gull,586
2011-06-27,NORTH,SNPL,Shorebird,153
2011-06-27,NORTH,WHIM,Shorebird,1
2011-06-27,SOUTH,SNPL,Shorebird,89
2011-07-04,NORTH,HEEG,Gull,852
2011-07-04,NORTH,SNPL,Shorebird,114
2011-07-04,SOUTH,HEEG,Gull,221
2011-07-04,SOUTH,SNPL,Shorebird,153
2011-07-04,SOUTH,WEGU,Gull,22
2011-07-11,NORTH,SNPL,Shorebird,119
2011-07-11,PURISIMA,SNPL,Shorebird,1
2011-07-11,SOUTH,HEEG,Gull,84
2011-07-11,SOUTH,SNPL,Shorebird,65
2011-07-18,NORTH,CAGU,Gull,1
2011-07-18,NORTH,HEEG,Gull,894
2011-07-18,NORTH,SNPL,Shorebird,140
2011-07-18,NORTH,WHIM,Shorebird,1
2011-07-18,NORTH,WILL,Shorebird,1
2011-07-18,SOUTH,CAGU,Gull,5
2011-07-18,SOUTH,HEEG,Gull,112
2011-07-18,SOUTH,SNPL,Shorebird,133
2011-07-18,SOUTH,WEGU,Gull,20
2011-07-25,NORTH,HEEG,Gull,1135
2011-07-25,NORTH,SNPL,Shorebird,83
2011-07-25,NORTH,WEGU,Gull,47
2011-07-25,NORTH,WHIM,Shorebird,9
2011-07-25,PURISIMA,SNPL,Shorebird,7
2011-07-25,PURISIMA,WEGU,Gull,16
2011-07-25,SOUTH,HEEG,Gull,237
2011-07-25,SOUTH,SNPL,Shorebird,262
2011-07-25,SOUTH,WEGU,Gull,60
2011-08-01,NORTH,CAGU,Gull,35
2011-08-01,NORTH,HEEG,Gull,1131
2011-08-01,NORTH,LBCU,Shorebird,1
2011-08-01,NORTH,SNPL,Shorebird,72
2011-08-01,NORTH,WEGU,Gull,13
2011-08-01,NORTH,WHIM,Shorebird,4
2011-08-01,PURISIMA,CAGU,Gull,13
2011-08-01,PURISIMA,HEEG,Gull,15
2011-08-01,PURISIMA,SNPL,Shorebird,18
2011-08-01,PURISIMA,WEGU,Gull,15
2011-08-01,SOUTH,HEEG,Gull,210
2011-08-01,SOUTH,SAND,Shorebird,150
2011-08-01,SOUTH,SNPL,Shorebird,211
2011-08-01,SOUTH,WEGU,Gull,45
2011-08-08,NORTH,CAGU,Gull,48
2011-08-08,NORTH,HEEG,Gull,627
2011-08-08,NORTH,LBCU,Shorebird,1
2011-08-08,NORTH,MAGO,Shorebird,1
2011-08-08,NORTH,SAND,Shorebird,29
2011-08-08,NORTH,SNPL,Shorebird,61
2011-08-08,NORTH,WEGU,Gull,12
2011-08-08,PURISIMA,CAGU,Gull,46
2011-08-08,PURISIMA,HEEG,Gull,69
2011-08-08,PURISIMA,ROTE,Tern,2
2011-08-08,PURISIMA,SNPL,Shorebird,2
2011-08-08,PURISIMA,WEGU,Gull,15
2011-08-15,NORTH,CAGU,Gull,54
2011-08-15,NORTH,HEEG,Gull,1312
2011-08-15,NORTH,LBCU,Shorebird,1
2011-08-15,NORTH,SAND,Shorebird,1
2011-08-15,NORTH,SEPL,Shorebird,2
2011-08-15,NORTH,SNPL,Shorebird,95
2011-08-15,NORTH,WEGU,Gull,8
2011-08-15,SOUTH,SNPL,Shorebird,270
2011-08-22,NORTH,CAGU,Gull,64
2011-08-22,NORTH,HEEG,Gull,842
2011-08-22,NORTH,SNPL,Shorebird,51
2011-08-22,NORTH,WEGU,Gull,24
2011-08-22,SOUTH,BBPL,Shorebird,1
2011-08-22,SOUTH,CAGU,Gull,1
2011-08-22,SOUTH,HEEG,Gull,114
2011-08-22,SOUTH,LBCU,Shorebird,1
2011-08-22,SOUTH,SAND,Shorebird,365
2011-08-22,SOUTH,SNPL,Shorebird,198
2011-08-22,SOUTH,WEGU,Gull,70
2011-08-22,SOUTH,WHIM,Shorebird,10
2011-08-29,NORTH,HEEG,Gull,172
2011-08-29,NORTH,MAGO,Shorebird,5
2011-08-29,NORTH,SAND,Shorebird,147
2011-08-29,NORTH,SNPL,Shorebird,61
2011-08-29,NORTH,WEGU,Gull,1
2011-08-29,PURISIMA,SAND,Shorebird,20
2011-08-29,SOUTH,CAGU,Gull,27
2011-08-29,SOUTH,HEEG,Gull,132
2011-08-29,SOUTH,SNPL,Shorebird,213
2011-08-29,SOUTH,WEGU,Gull,82
2011-09-05,NORTH,BBPL,Shorebird,2
2011-09-05,NORTH,HEEG,Gull,983
2011-09-05,NORTH,LBCU,Shorebird,4
2011-09-05,NORTH,MAGO,Shorebird,1
2011-09-05,NORTH,SAND,Shorebird,104
2011-09-05,NORTH,SEPL,Shorebird,19
2011-09-05,NORTH,SNPL,Shorebird,112
2011-09-05,NORTH,WHIM,Shorebird,33
2011-09-05,PURISIMA,HEEG,Gull,12
2011-09-05,PURISIMA,SAND,Shorebird,200
2011-09-05,PURISIMA,SNPL,Shorebird,7
2011-09-05,PURISIMA,WEGU,Gull,2
2011-09-05,SOUTH,CAGU,Gull,8
2011-09-05,SOUTH,HEEG,Gull,92
2011-09-05,SOUTH,SNPL,Shorebird,226
2011-09-05,SOUTH,WEGU,Gull,19
2011-09-12,NORTH,HEEG,Gull,525
2011-09-12,NORTH,SNPL,Shorebird,139
2011-09-12,SOUTH,HEEG,Gull,97
2011-09-12,SOUTH,LBCU,Shorebird,17
2011-09-12,SOUTH,MAGO,Shorebird,2
2011-09-12,SOUTH,SAND,Shorebird,308
2011-09-12,SOUTH,SEPL,Shorebird,26
2011-09-12,SOUTH,SNPL,Shorebird,227
2011-09-12,SOUTH,WEGU,Gull,6
2011-09-12,SOUTH,WHIM,Shorebird,31
2011-09-12,SOUTH,WILL,Shorebird,4
2011-09-19,NORTH,BBPL,Shorebird,26
2011-09-19,NORTH,HEEG,Gull,1095
2011-09-19,NORTH,LBCU,Shorebird,14
2011-09-19,NORTH,SAND,Shorebird,2035
2011-09-19,NORTH,SEPL,Shorebird,2
2011-09-19,NORTH,SNPL,Shorebird,165
2011-09-19,NORTH,WEGU,Gull,4
2011-09-19,NORTH,WHIM,Shorebird,1
2011-09-19,PURISIMA,HEEG,Gull,5
2011-09-19,PURISIMA,SAND,Shorebird,300
2011-09-19,PURISIMA,SNPL,Shorebird,2
2011-09-19,PURISIMA,WEGU,Gull,9
2011-09-19,SOUTH,HEEG,Gull,52
2011-09-19,SOUTH,SNPL,Shorebird,269
2011-09-26,NORTH,BBPL,Shorebird,20
2011-09-26,NORTH,HEEG,Gull,499
2011-09-26,NORTH,SNPL,Shorebird,168
2011-09-26,NORTH,WEGU,Gull,88
2011-09-26,SOUTH,BBPL,Shorebird,89
2011-09-26,SOUTH,HEEG,Gull,6
2011-09-26,SOUTH,LBCU,Shorebird,17
2011-09-26,SOUTH,SAND,Shorebird,316
2011-09-26,SOUTH,SEPL,Shorebird,12
2011-09-26,SOUTH,SNPL,Shorebird,162
2011-09-26,SOUTH,WEGU,Gull,92
2012-01-16,NORTH,SNPL,Shorebird,112
2012-01-16,PURISIMA,SNPL,Shorebird,2
2012-02-27,NORTH,BBPL,Shorebird,1
2012-02-27,NORTH,LBCU,Shorebird,12
2012-02-27,SOUTH,SNPL,Shorebird,93
2012-03-05,NORTH,BBPL,Shorebird,20
2012-03-05,NORTH,CAGU,Gull,2
2012-03-05,NORTH,LBCU,Shorebird,2
2012-03-05,NORTH,SAND,Shorebird,3345
2012-03-05,NORTH,SNPL,Shorebird,65
2012-03-05,SOUTH,BBPL,Shorebird,1
2012-03-05,SOUTH,LESA,Shorebird,1
2012-03-05,SOUTH,SAND,Shorebird,4870
2012-03-05,SOUTH,SNPL,Shorebird,74
2012-03-05,SOUTH,WESA,Shorebird,6
2012-03-12,NORTH,BBPL,Shorebird,83
2012-03-12,NORTH,CAGU,Gull,1
2012-03-12,NORTH,SAND,Shorebird,1131
2012-03-12,NORTH,SNPL,Shorebird,48
2012-03-12,NORTH,WHIM,Shorebird,5
2012-03-12,SOUTH,BBPL,Shorebird,28
2012-03-12,SOUTH,SAND,Shorebird,3149
2012-03-12,SOUTH,SNPL,Shorebird,187
2012-03-12,SOUTH,WEGU,Gull,1
2012-03-12,SOUTH,WHIM,Shorebird,1
2012-03-19,NORTH,BBPL,Shorebird,35
2012-03-19,NORTH,SAND,Shorebird,2050
2012-03-19,NORTH,SNPL,Shorebird,101
2012-03-19,NORTH,WHIM,Shorebird,28
2012-03-19,SOUTH,BBPL,Shorebird,1
2012-03-19,SOUTH,CAGU,Gull,1
2012-03-19,SOUTH,SAND,Shorebird,3000
2012-03-19,SOUTH,SEPL,Shorebird,4
2012-03-19,SOUTH,SNPL,Shorebird,128
2012-03-19,SOUTH,WESA,Shorebird,2
2012-03-19,SOUTH,WHIM,Shorebird,1
2012-03-26,NORTH,BBPL,Shorebird,64
2012-03-26,NORTH,CAGU,Gull,1
2012-03-26,NORTH,SAND,Shorebird,5910
2012-03-26,NORTH,SNPL,Shorebird,102
2012-03-26,NORTH,WESA,Shorebird,1
2012-03-26,NORTH,WHIM,Shorebird,8
2012-03-26,PURISIMA,BBPL,Shorebird,1
2012-03-26,PURISIMA,WEGU,Gull,2
2012-03-26,SOUTH,BBPL,Shorebird,60
2012-03-26,SOUTH,MAGO,Shorebird,1
2012-03-26,SOUTH,SAND,Shorebird,2451
2012-03-26,SOUTH,SNPL,Shorebird,153
2012-03-26,SOUTH,WEGU,Gull,8
2012-03-26,SOUTH,WESA,Shorebird,79
2012-03-26,SOUTH,WHIM,Shorebird,7
2012-04-02,NORTH,BBPL,Shorebird,1
2012-04-02,NORTH,CAGU,Gull,3
2012-04-02,NORTH,LBCU,Shorebird,4
2012-04-02,NORTH,SAND,Shorebird,1415
2012-04-02,NORTH,SNPL,Shorebird,41
2012-04-02,NORTH,WEGU,Gull,1
2012-04-02,NORTH,WHIM,Shorebird,4
2012-04-09,NORTH,BBPL,Shorebird,50
2012-04-09,NORTH,SAND,Shorebird,2000
2012-04-09,NORTH,SNPL,Shorebird,22
2012-04-09,SOUTH,BBPL,Shorebird,6
2012-04-09,SOUTH,LESA,Shorebird,12
2012-04-09,SOUTH,SAND,Shorebird,2800
2012-04-09,SOUTH,SEPL,Shorebird,10
2012-04-09,SOUTH,SNPL,Shorebird,127
2012-04-09,SOUTH,WEGU,Gull,40
2012-04-09,SOUTH,WESA,Shorebird,815
2012-04-16,NORTH,BBPL,Shorebird,62
2012-04-16,NORTH,SAND,Shorebird,2047
2012-04-16,NORTH,SEPL,Shorebird,78
2012-04-16,NORTH,SNPL,Shorebird,100
2012-04-16,NORTH,WHIM,Shorebird,148
2012-04-16,PURISIMA,SNPL,Shorebird,4
2012-04-16,SOUTH,BBPL,Shorebird,80
2012-04-16,SOUTH,CAGU,Gull,1
2012-04-16,SOUTH,LBCU,Shorebird,2
2012-04-16,SOUTH,SAND,Shorebird,753
2012-04-16,SOUTH,SEPL,Shorebird,167
2012-04-16,SOUTH,SNPL,Shorebird,141
2012-04-16,SOUTH,WESA,Shorebird,128
2012-04-16,SOUTH,WHIM,Shorebird,3
2012-04-16,SOUTH,WILL,Shorebird,2
2012-04-23,NORTH,BBPL,Shorebird,16
2012-04-23,NORTH,SEPL,Shorebird,2
2012-04-23,NORTH,SNPL,Shorebird,15
2012-04-23,NORTH,WHIM,Shorebird,178
2012-04-23,SOUTH,BBPL,Shorebird,1
2012-04-23,SOUTH,CAGU,Gull,5
2012-04-23,SOUTH,SAND,Shorebird,1730
2012-04-23,SOUTH,SNPL,Shorebird,27
2012-04-30,NORTH,LBCU,Shorebird,20
2012-04-30,NORTH,SAND,Shorebird,45
2012-04-30,NORTH,SEPL,Shorebird,94
2012-04-30,NORTH,SNPL,Shorebird,68
2012-04-30,NORTH,WHIM,Shorebird,182
2012-04-30,PURISIMA,SNPL,Shorebird,1
2012-04-30,SOUTH,CAGU,Gull,60
2012-04-30,SOUTH,SAND,Shorebird,2000
2012-04-30,SOUTH,SEPL,Shorebird,6
2012-04-30,SOUTH,SNPL,Shorebird,76
2012-04-30,SOUTH,WESA,Shorebird,200
2012-05-07,NORTH,CAGU,Gull,6
2012-05-07,NORTH,HEEG,Gull,1
2012-05-07,NORTH,LBCU,Shorebird,2
2012-05-07,NORTH,SAND,Shorebird,6140
2012-05-07,NORTH,SEPL,Shorebird,2
2012-05-07,NORTH,SNPL,Shorebird,84
2012-05-07,NORTH,WEGU,Gull,3
2012-05-07,NORTH,WHIM,Shorebird,233
2012-05-07,PURISIMA,SNPL,Shorebird,1
2012-05-07,SOUTH,BBPL,Shorebird,15
2012-05-07,SOUTH,CAGU,Gull,54
2012-05-07,SOUTH,CATE,Tern,1
2012-05-07,SOUTH,DUNL,Shorebird,2
2012-05-07,SOUTH,SAND,Shorebird,4033
2012-05-07,SOUTH,SEPL,Shorebird,2
2012-05-07,SOUTH,SNPL,Shorebird,121
2012-05-07,SOUTH,WEGU,Gull,10
2012-05-07,SOUTH,WESA,Shorebird,100
2012-05-14,NORTH,SAND,Shorebird,20
2012-05-14,NORTH,SNPL,Shorebird,45
2012-05-14,NORTH,WHIM,Shorebird,31
2012-05-14,PURISIMA,SNPL,Shorebird,2
2012-05-14,SOUTH,CAGU,Gull,150
2012-05-14,SOUTH,SAND,Shorebird,1975
2012-05-14,SOUTH,SNPL,Shorebird,15
2012-05-21,NORTH,SAND,Shorebird,1300
2012-05-21,NORTH,SNPL,Shorebird,56
2012-05-21,PURISIMA,SAND,Shorebird,50
2012-05-21,PURISIMA,SNPL,Shorebird,6
2012-05-21,SOUTH,CAGU,Gull,123
2012-05-21,SOUTH,CATE,Tern,4
2012-05-21,SOUTH,SAND,Shorebird,451
2012-05-21,SOUTH,SNPL,Shorebird,108
2012-05-21,SOUTH,WEGU,Gull,25
2012-05-21,SOUTH,WHIM,Shorebird,1
2012-05-28,SOUTH,BBPL,Shorebird,3
2012-05-28,SOUTH,CAGU,Gull,3
2012-05-28,SOUTH,SAND,Shorebird,55
2012-05-28,SOUTH,SNPL,Shorebird,103
2012-05-28,SOUTH,WEGU,Gull,8
2012-06-04,NORTH,LBCU,Shorebird,48
2012-06-04,NORTH,SNPL,Shorebird,89
2012-06-04,NORTH,WESA,Shorebird,1
2012-06-04,NORTH,WHIM,Shorebird,2
2012-06-11,NORTH,CAGU,Gull,103
2012-06-11,NORTH,HEEG,Gull,49
2012-06-11,NORTH,LBCU,Shorebird,1
2012-06-11,NORTH,MAGO,Shorebird,1
2012-06-11,NORTH,SNPL,Shorebird,51
2012-06-11,NORTH,WEGU,Gull,1
2012-06-11,PURISIMA,SNPL,Shorebird,6
2012-06-11,SOUTH,BBPL,Shorebird,1
2012-06-11,SOUTH,CATE,Tern,3
2012-06-11,SOUTH,SNPL,Shorebird,141
2012-06-11,SOUTH,WEGU,Gull,4
2012-06-18,NORTH,BBPL,Shorebird,1
2012-06-18,NORTH,CAGU,Gull,56
2012-06-18,NORTH,HEEG,Gull,145
2012-06-18,NORTH,SNPL,Shorebird,133
2012-06-18,NORTH,WEGU,Gull,15
2012-06-18,PURISIMA,CAGU,Gull,1
2012-06-18,PURISIMA,HEEG,Gull,1
2012-06-18,SOUTH,BBPL,Shorebird,50
2012-06-18,SOUTH,CATE,Tern,5
2012-06-18,SOUTH,MAGO,Shorebird,1
2012-06-18,SOUTH,SEPL,Shorebird,1
2012-06-18,SOUTH,SNPL,Shorebird,126
2012-06-18,SOUTH,WESA,Shorebird,1
2012-06-18,SOUTH,WHIM,Shorebird,3
2012-06-18,SOUTH,WILL,Shorebird,1
2012-06-25,NORTH,CAGU,Gull,15
2012-06-25,NORTH,HEEG,Gull,692
2012-06-25,NORTH,SNPL,Shorebird,90
2012-06-25,NORTH,WEGU,Gull,1
2012-06-25,PURISIMA,CAGU,Gull,6
2012-06-25,PURISIMA,HEEG,Gull,44
2012-06-25,PURISIMA,SNPL,Shorebird,2
2012-06-25,PURISIMA,WEGU,Gull,10
2012-06-25,SOUTH,BBPL,Shorebird,9
2012-06-25,SOUTH,CAGU,Gull,7
2012-06-25,SOUTH,HEEG,Gull,733
2012-06-25,SOUTH,SNPL,Shorebird,141
2012-06-25,SOUTH,WEGU,Gull,53
2012-06-25,SOUTH,WHIM,Shorebird,1
2012-07-02,NORTH,CAGU,Gull,63
2012-07-02,NORTH,HEEG,Gull,1070
2012-07-02,NORTH,LBCU,Shorebird,5
2012-07-02,NORTH,SNPL,Shorebird,88
2012-07-02,NORTH,WEGU,Gull,26
2012-07-02,NORTH,WESA,Shorebird,7
2012-07-02,NORTH,WHIM,Shorebird,1
2012-07-02,PURISIMA,CAGU,Gull,6
2012-07-02,PURISIMA,HEEG,Gull,41
2012-07-02,PURISIMA,SNPL,Shorebird,3
2012-07-02,PURISIMA,WEGU,Gull,3
2012-07-02,SOUTH,BBPL,Shorebird,1
2012-07-02,SOUTH,CAGU,Gull,3
2012-07-02,SOUTH,CATE,Tern,6
2012-07-02,SOUTH,HEEG,Gull,55
2012-07-02,SOUTH,LBCU,Shorebird,5
2012-07-02,SOUTH,SEPL,Shorebird,3
2012-07-02,SOUTH,SNPL,Shorebird,164
2012-07-02,SOUTH,WEGU,Gull,15
2012-07-02,SOUTH,WESA,Shorebird,16
2012-07-02,SOUTH,WHIM,Shorebird,7
2012-07-09,NORTH,HEEG,Gull,73
2012-07-09,NORTH,SNPL,Shorebird,84
2012-07-09,NORTH,WESA,Shorebird,22
2012-07-09,NORTH,WHIM,Shorebird,17
2012-07-09,PURISIMA,HEEG,Gull,39
2012-07-09,PURISIMA,LETE,Tern,2
2012-07-09,PURISIMA,SNPL,Shorebird,3
2012-07-09,PURISIMA,WEGU,Gull,8
2012-07-09,PURISIMA,WHIM,Shorebird,7
2012-07-09,SOUTH,BBPL,Shorebird,1
2012-07-09,SOUTH,CATE,Tern,1
2012-07-09,SOUTH,HEEG,Gull,8
2012-07-09,SOUTH,LBCU,Shorebird,4
2012-07-09,SOUTH,SEPL,Shorebird,3
2012-07-09,SOUTH,SNPL,Shorebird,155
2012-07-09,SOUTH,WESA,Shorebird,72
2012-07-09,SOUTH,WHIM,Shorebird,11
2012-07-16,NORTH,BBPL,Shorebird,2
2012-07-16,NORTH,CAGU,Gull,1
2012-07-16,NORTH,SAND,Shorebird,8
2012-07-16,NORTH,SNPL,Shorebird,94
2012-07-16,NORTH,WESA,Shorebird,24
2012-07-16,NORTH,WHIM,Shorebird,13
2012-07-16,PURISIMA,BBPL,Shorebird,2
2012-07-16,PURISIMA,HEEG,Gull,24
2012-07-16,PURISIMA,SNPL,Shorebird,4
2012-07-16,PURISIMA,WEGU,Gull,6
2012-07-16,SOUTH,BBPL,Shorebird,19
2012-07-16,SOUTH,CAGU,Gull,50
2012-07-16,SOUTH,HEEG,Gull,79
2012-07-16,SOUTH,LBCU,Shorebird,5
2012-07-16,SOUTH,SAND,Shorebird,85
2012-07-16,SOUTH,SEPL,Shorebird,15
2012-07-16,SOUTH,SNPL,Shorebird,169
2012-07-16,SOUTH,WEGU,Gull,30
2012-07-16,SOUTH,WESA,Shorebird,81
2012-07-16,SOUTH,WHIM,Shorebird,38
2012-07-23,NORTH,CAGU,Gull,19
2012-07-23,NORTH,HEEG,Gull,422
2012-07-23,NORTH,LBCU,Shorebird,6
2012-07-23,NORTH,MAGO,Shorebird,7
2012-07-23,NORTH,SAND,Shorebird,30
2012-07-23,NORTH,SEPL,Shorebird,4
2012-07-23,NORTH,SNPL,Shorebird,99
2012-07-23,NORTH,WEGU,Gull,12
2012-07-23,NORTH,WESA,Shorebird,2
2012-07-23,NORTH,WHIM,Shorebird,7
2012-07-23,PURISIMA,BBPL,Shorebird,40
2012-07-23,PURISIMA,HEEG,Gull,26
2012-07-23,PURISIMA,SNPL,Shorebird,3
2012-07-23,PURISIMA,WEGU,Gull,10
2012-07-23,SOUTH,BBPL,Shorebird,4
2012-07-23,SOUTH,CAGU,Gull,52
2012-07-23,SOUTH,HEEG,Gull,80
2012-07-23,SOUTH,SAND,Shorebird,81
2012-07-23,SOUTH,SEPL,Shorebird,33
2012-07-23,SOUTH,SNPL,Shorebird,155
2012-07-23,SOUTH,WEGU,Gull,29
2012-07-23,SOUTH,WESA,Shorebird,105
2012-07-23,SOUTH,WHIM,Shorebird,1
2012-07-30,NORTH,BBPL,Shorebird,20
2012-07-30,NORTH,CAGU,Gull,13
2012-07-30,NORTH,HEEG,Gull,614
2012-07-30,NORTH,SAND,Shorebird,350
2012-07-30,NORTH,SEPL,Shorebird,21
2012-07-30,NORTH,SNPL,Shorebird,105
2012-07-30,NORTH,WEGU,Gull,22
2012-07-30,NORTH,WESA,Shorebird,2
2012-07-30,PURISIMA,BBPL,Shorebird,1
2012-07-30,PURISIMA,CAGU,Gull,3
2012-07-30,PURISIMA,ELTE,Tern,2
2012-07-30,PURISIMA,HEEG,Gull,35
2012-07-30,PURISIMA,SNPL,Shorebird,6
2012-07-30,PURISIMA,WEGU,Gull,7
2012-07-30,SOUTH,BBPL,Shorebird,1
2012-07-30,SOUTH,CAGU,Gull,5
2012-07-30,SOUTH,CATE,Tern,1
2012-07-30,SOUTH,HEEG,Gull,25
2012-07-30,SOUTH,SAND,Shorebird,63
2012-07-30,SOUTH,SEPL,Shorebird,16
2012-07-30,SOUTH,SNPL,Shorebird,191
2012-07-30,SOUTH,WEGU,Gull,19
2012-07-30,SOUTH,WHIM,Shorebird,1
2012-08-06,NORTH,BBPL,Shorebird,68
2012-08-06,NORTH,CAGU,Gull,2
2012-08-06,NORTH,HEEG,Gull,197
2012-08-06,NORTH,LBCU,Shorebird,2
2012-08-06,NORTH,SAND,Shorebird,3233
2012-08-06,NORTH,SEPL,Shorebird,2
2012-08-06,NORTH,SNPL,Shorebird,76
2012-08-06,NORTH,WEGU,Gull,24
2012-08-06,NORTH,WESA,Shorebird,20
2012-08-06,NORTH,WHIM,Shorebird,6
2012-08-06,PURISIMA,BBPL,Shorebird,11
2012-08-06,PURISIMA,HEEG,Gull,1
2012-08-06,PURISIMA,SAND,Shorebird,2120
2012-08-06,PURISIMA,SNPL,Shorebird,14
2012-08-06,PURISIMA,WEGU,Gull,45
2012-08-06,SOUTH,BBPL,Shorebird,24
2012-08-06,SOUTH,LBCU,Shorebird,1
2012-08-06,SOUTH,SAND,Shorebird,18
2012-08-06,SOUTH,SEPL,Shorebird,12
2012-08-06,SOUTH,SNPL,Shorebird,201
2012-08-06,SOUTH,WESA,Shorebird,7
2012-08-13,NORTH,BBPL,Shorebird,100
2012-08-13,NORTH,CAGU,Gull,23
2012-08-13,NORTH,HEEG,Gull,361
2012-08-13,NORTH,SAND,Shorebird,1166
2012-08-13,NORTH,SNPL,Shorebird,151
2012-08-13,NORTH,WEGU,Gull,19
2012-08-13,NORTH,WHIM,Shorebird,6
2012-08-13,PURISIMA,BBPL,Shorebird,65
2012-08-13,PURISIMA,CAGU,Gull,30
2012-08-13,PURISIMA,SAND,Shorebird,45
2012-08-13,PURISIMA,SNPL,Shorebird,10
2012-08-13,PURISIMA,WEGU,Gull,35
2012-08-13,SOUTH,BBPL,Shorebird,44
2012-08-13,SOUTH,HEEG,Gull,7
2012-08-13,SOUTH,SAND,Shorebird,255
2012-08-13,SOUTH,SEPL,Shorebird,9
2012-08-13,SOUTH,SNPL,Shorebird,212
2012-08-13,SOUTH,WEGU,Gull,8
2012-08-13,SOUTH,WESA,Shorebird,8
2012-08-13,SOUTH,WHIM,Shorebird,2
2012-08-13,SOUTH,WILL,Shorebird,1
2012-08-20,NORTH,BBPL,Shorebird,36
2012-08-20,NORTH,CAGU,Gull,39
2012-08-20,NORTH,HEEG,Gull,583
2012-08-20,NORTH,LBCU,Shorebird,22
2012-08-20,NORTH,MAGO,Shorebird,6
2012-08-20,NORTH,SAND,Shorebird,106
2012-08-20,NORTH,SEPL,Shorebird,11
2012-08-20,NORTH,SNPL,Shorebird,163
2012-08-20,NORTH,WEGU,Gull,40
2012-08-20,NORTH,WESA,Shorebird,3
2012-08-20,NORTH,WHIM,Shorebird,19
2012-08-20,NORTH,WILL,Shorebird,2
2012-08-20,PURISIMA,BBPL,Shorebird,11
2012-08-20,PURISIMA,CAGU,Gull,20
2012-08-20,PURISIMA,HEEG,Gull,80
2012-08-20,PURISIMA,SAND,Shorebird,104
2012-08-20,PURISIMA,SNPL,Shorebird,25
2012-08-20,PURISIMA,WEGU,Gull,22
2012-08-20,SOUTH,BBPL,Shorebird,71
2012-08-20,SOUTH,CAGU,Gull,3
2012-08-20,SOUTH,HEEG,Gull,20
2012-08-20,SOUTH,SAND,Shorebird,276
2012-08-20,SOUTH,SEPL,Shorebird,13
2012-08-20,SOUTH,SNPL,Shorebird,209
2012-08-20,SOUTH,WEGU,Gull,5
2012-08-20,SOUTH,WESA,Shorebird,16
2012-08-27,NORTH,BBPL,Shorebird,1
2012-08-27,NORTH,CAGU,Gull,53
2012-08-27,NORTH,HEEG,Gull,633
2012-08-27,NORTH,LBCU,Shorebird,24
2012-08-27,NORTH,MAGO,Shorebird,16
2012-08-27,NORTH,ROTE,Tern,10
2012-08-27,NORTH,SAND,Shorebird,1
2012-08-27,NORTH,SEPL,Shorebird,11
2012-08-27,NORTH,SNPL,Shorebird,182
2012-08-27,NORTH,WEGU,Gull,25
2012-08-27,NORTH,WHIM,Shorebird,12
2012-08-27,PURISIMA,BBPL,Shorebird,31
2012-08-27,PURISIMA,CAGU,Gull,41
2012-08-27,PURISIMA,HEEG,Gull,100
2012-08-27,PURISIMA,SAND,Shorebird,72
2012-08-27,PURISIMA,SNPL,Shorebird,2
2012-08-27,PURISIMA,WEGU,Gull,32
2012-08-27,SOUTH,BBPL,Shorebird,1
2012-08-27,SOUTH,SAND,Shorebird,379
2012-08-27,SOUTH,SEPL,Shorebird,18
2012-08-27,SOUTH,SNPL,Shorebird,216
2012-08-27,SOUTH,WESA,Shorebird,2
2012-09-03,SOUTH,LESA,Shorebird,1
2012-09-03,SOUTH,SAND,Shorebird,1089
2012-09-03,SOUTH,SEPL,Shorebird,24
2012-09-03,SOUTH,SNPL,Shorebird,254
2012-09-03,SOUTH,WESA,Shorebird,5
2012-09-10,SOUTH,BBPL,Shorebird,4
2012-09-10,SOUTH,CAGU,Gull,17
2012-09-10,SOUTH,HEEG,Gull,110
2012-09-10,SOUTH,LBCU,Shorebird,11
2012-09-10,SOUTH,LESA,Shorebird,1
2012-09-10,SOUTH,MAGO,Shorebird,20
2012-09-10,SOUTH,SAND,Shorebird,2737
2012-09-10,SOUTH,SEPL,Shorebird,13
2012-09-10,SOUTH,SNPL,Shorebird,219
2012-09-10,SOUTH,WEGU,Gull,8
2012-09-10,SOUTH,WESA,Shorebird,15
2012-09-10,SOUTH,WHIM,Shorebird,27
2012-09-17,NORTH,BBPL,Shorebird,4
2012-09-17,NORTH,CAGU,Gull,12
2012-09-17,NORTH,HEEG,Gull,721
2012-09-17,NORTH,LBCU,Shorebird,19
2012-09-17,NORTH,MAGO,Shorebird,9
2012-09-17,NORTH,SAND,Shorebird,110
2012-09-17,NORTH,SEPL,Shorebird,3
2012-09-17,NORTH,SNPL,Shorebird,180
2012-09-17,NORTH,WEGU,Gull,35
2012-09-17,NORTH,WESA,Shorebird,1
2012-09-17,NORTH,WHIM,Shorebird,3
2012-09-17,PURISIMA,CAGU,Gull,20
2012-09-17,PURISIMA,HEEG,Gull,26
2012-09-17,PURISIMA,SAND,Shorebird,2012
2012-09-17,PURISIMA,WEGU,Gull,40
2013-03-11,NORTH,CAGU,Gull,1
2013-03-11,NORTH,LESA,Shorebird,1
2013-03-11,NORTH,SAND,Shorebird,501
2013-03-11,NORTH,SNPL,Shorebird,100
2013-03-11,NORTH,WESA,Shorebird,6
2013-03-11,PURISIMA,LESA,Shorebird,1
2013-03-11,SOUTH,BBPL,Shorebird,20
2013-03-11,SOUTH,LESA,Shorebird,1
2013-03-11,SOUTH,SAND,Shorebird,2348
2013-03-11,SOUTH,SNPL,Shorebird,109
2013-03-11,SOUTH,WESA,Shorebird,1
2013-03-18,NORTH,BBPL,Shorebird,24
2013-03-18,NORTH,CAGU,Gull,1
2013-03-18,NORTH,DUNL,Shorebird,9
2013-03-18,NORTH,SAND,Shorebird,1025
2013-03-18,NORTH,SNPL,Shorebird,45
2013-03-18,NORTH,WEGU,Gull,2
2013-03-18,NORTH,WHIM,Shorebird,6
2013-03-18,SOUTH,BBPL,Shorebird,40
2013-03-18,SOUTH,CAGU,Gull,140
2013-03-18,SOUTH,SAND,Shorebird,4000
2013-03-18,SOUTH,SNPL,Shorebird,128
2013-03-18,SOUTH,WEGU,Gull,15
2013-03-25,NORTH,BBPL,Shorebird,2
2013-03-25,NORTH,SNPL,Shorebird,42
2013-03-25,NORTH,WHIM,Shorebird,1
2013-03-25,PURISIMA,SNPL,Shorebird,1
2013-03-25,SOUTH,BBPL,Shorebird,40
2013-03-25,SOUTH,CAGU,Gull,2
2013-03-25,SOUTH,LBCU,Shorebird,1
2013-03-25,SOUTH,SAND,Shorebird,406
2013-03-25,SOUTH,SNPL,Shorebird,97
2013-03-25,SOUTH,WESA,Shorebird,3
2013-03-25,SOUTH,WHIM,Shorebird,5
2013-04-01,NORTH,BBPL,Shorebird,14
2013-04-01,NORTH,SAND,Shorebird,1
2013-04-01,NORTH,SNPL,Shorebird,89
2013-04-01,NORTH,WHIM,Shorebird,1
2013-04-01,PURISIMA,BBPL,Shorebird,9
2013-04-01,PURISIMA,SAND,Shorebird,2
2013-04-01,SOUTH,BBPL,Shorebird,20
2013-04-01,SOUTH,CAGU,Gull,90
2013-04-01,SOUTH,SAND,Shorebird,2457
2013-04-01,SOUTH,SEPL,Shorebird,3
2013-04-01,SOUTH,SNPL,Shorebird,111
2013-04-01,SOUTH,WHIM,Shorebird,8
2013-04-08,NORTH,BBPL,Shorebird,219
2013-04-08,NORTH,DUNL,Shorebird,2
2013-04-08,NORTH,SAND,Shorebird,430
2013-04-08,NORTH,SEPL,Shorebird,1
2013-04-08,NORTH,SNPL,Shorebird,111
2013-04-08,NORTH,SURF,Shorebird,125
2013-04-08,NORTH,WHIM,Shorebird,35
2013-04-08,PURISIMA,BBPL,Shorebird,1
2013-04-08,PURISIMA,SNPL,Shorebird,2
2013-04-08,PURISIMA,SURF,Shorebird,15
2013-04-08,PURISIMA,WHIM,Shorebird,8
2013-04-08,SOUTH,BBPL,Shorebird,36
2013-04-08,SOUTH,CAGU,Gull,216
2013-04-08,SOUTH,DUNL,Shorebird,15
2013-04-08,SOUTH,LBCU,Shorebird,17
2013-04-08,SOUTH,SAND,Shorebird,12503
2013-04-08,SOUTH,SEPL,Shorebird,3
2013-04-08,SOUTH,SNPL,Shorebird,103
2013-04-08,SOUTH,SURF,Shorebird,125
2013-04-08,SOUTH,WEGU,Gull,4
2013-04-08,SOUTH,WESA,Shorebird,312
2013-04-08,SOUTH,WHIM,Shorebird,20
2013-04-15,NORTH,BBPL,Shorebird,65
2013-04-15,NORTH,DUNL,Shorebird,531
2013-04-15,NORTH,SAND,Shorebird,146
2013-04-15,NORTH,SEPL,Shorebird,42
2013-04-15,NORTH,SNPL,Shorebird,81
2013-04-15,NORTH,WESA,Shorebird,2951
2013-04-15,NORTH,WHIM,Shorebird,22
2013-04-15,PURISIMA,BBPL,Shorebird,102
2013-04-15,PURISIMA,DUNL,Shorebird,12
2013-04-15,PURISIMA,SAND,Shorebird,120
2013-04-15,PURISIMA,SEPL,Shorebird,17
2013-04-15,PURISIMA,SNPL,Shorebird,2
2013-04-15,PURISIMA,WEGU,Gull,2
2013-04-15,PURISIMA,WHIM,Shorebird,4
2013-04-15,SOUTH,BBPL,Shorebird,14
2013-04-15,SOUTH,CAGU,Gull,33
2013-04-15,SOUTH,DUNL,Shorebird,6
2013-04-15,SOUTH,SAND,Shorebird,6730
2013-04-15,SOUTH,SEPL,Shorebird,5
2013-04-15,SOUTH,SNPL,Shorebird,103
2013-04-15,SOUTH,WEGU,Gull,3
2013-04-15,SOUTH,WESA,Shorebird,450
2013-04-15,SOUTH,WHIM,Shorebird,14
2013-04-22,NORTH,BBPL,Shorebird,9
2013-04-22,NORTH,DUNL,Shorebird,5
2013-04-22,NORTH,LBCU,Shorebird,9
2013-04-22,NORTH,LESA,Shorebird,40
2013-04-22,NORTH,SAND,Shorebird,132
2013-04-22,NORTH,SEPL,Shorebird,42
2013-04-22,NORTH,SNPL,Shorebird,87
2013-04-22,NORTH,WESA,Shorebird,157
2013-04-22,NORTH,WHIM,Shorebird,17
2013-04-22,PURISIMA,SNPL,Shorebird,3
2013-04-22,SOUTH,BBPL,Shorebird,7
2013-04-22,SOUTH,CAGU,Gull,50
2013-04-22,SOUTH,SAND,Shorebird,3222
2013-04-22,SOUTH,SEPL,Shorebird,2
2013-04-22,SOUTH,SNPL,Shorebird,79
2013-04-22,SOUTH,WESA,Shorebird,4
2013-04-22,SOUTH,WHIM,Shorebird,1
2013-04-29,NORTH,CAGU,Gull,5
2013-04-29,NORTH,DUNL,Shorebird,8
2013-04-29,NORTH,SAND,Shorebird,9
2013-04-29,NORTH,SEPL,Shorebird,82
2013-04-29,NORTH,SNPL,Shorebird,83
2013-04-29,NORTH,SURF,Shorebird,20
2013-04-29,NORTH,WEGU,Gull,20
2013-04-29,NORTH,WESA,Shorebird,306
2013-04-29,NORTH,WHIM,Shorebird,16
2013-04-29,PURISIMA,BBPL,Shorebird,2
2013-04-29,PURISIMA,SEPL,Shorebird,7
2013-04-29,PURISIMA,SNPL,Shorebird,2
2013-04-29,PURISIMA,WESA,Shorebird,1
2013-04-29,PURISIMA,WHIM,Shorebird,1
2013-04-29,SOUTH,SEPL,Shorebird,32
2013-04-29,SOUTH,SNPL,Shorebird,93
2013-04-29,SOUTH,WESA,Shorebird,198
2013-05-06,NORTH,SAND,Shorebird,2
2013-05-06,NORTH,SNPL,Shorebird,86
2013-05-06,PURISIMA,SEPL,Shorebird,1
2013-05-06,PURISIMA,SNPL,Shorebird,8
2013-05-06,SOUTH,SAND,Shorebird,55
2013-05-06,SOUTH,SEPL,Shorebird,1
2013-05-06,SOUTH,SNPL,Shorebird,77
2013-05-06,SOUTH,WEGU,Gull,3
2013-05-06,SOUTH,WESA,Shorebird,1
2013-05-06,SOUTH,WHIM,Shorebird,1
2013-05-13,NORTH,BBPL,Shorebird,1
2013-05-13,NORTH,DUNL,Shorebird,3
2013-05-13,NORTH,SAND,Shorebird,4
2013-05-13,NORTH,SEPL,Shorebird,3
2013-05-13,NORTH,SNPL,Shorebird,102
2013-05-13,NORTH,WESA,Shorebird,2
2013-05-13,NORTH,WHIM,Shorebird,1
2013-05-13,PURISIMA,SNPL,Shorebird,6
2013-05-13,SOUTH,BBPL,Shorebird,1
2013-05-13,SOUTH,CAGU,Gull,1
2013-05-13,SOUTH,SAND,Shorebird,550
2013-05-13,SOUTH,SNPL,Shorebird,106
2013-05-13,SOUTH,WESA,Shorebird,40
2013-05-13,SOUTH,WHIM,Shorebird,1
2013-05-20,NORTH,SAND,Shorebird,800
2013-05-20,NORTH,SNPL,Shorebird,88
2013-05-20,NORTH,WEGU,Gull,6
2013-05-20,PURISIMA,SAND,Shorebird,300
2013-05-20,PURISIMA,SNPL,Shorebird,4
2013-05-20,PURISIMA,WEGU,Gull,1
2013-05-20,SOUTH,SEPL,Shorebird,1
2013-05-20,SOUTH,SNPL,Shorebird,112
2013-05-20,SOUTH,WESA,Shorebird,12
2013-06-03,NORTH,CAGU,Gull,29
2013-06-03,NORTH,SAND,Shorebird,10
2013-06-03,NORTH,SNPL,Shorebird,106
2013-06-03,NORTH,WEGU,Gull,6
2013-06-03,NORTH,WHIM,Shorebird,2
2013-06-03,PURISIMA,BBPL,Shorebird,5
2013-06-03,PURISIMA,CAGU,Gull,15
2013-06-03,PURISIMA,SNPL,Shorebird,12
2013-06-03,PURISIMA,WEGU,Gull,2
2013-06-03,SOUTH,BBPL,Shorebird,3
2013-06-03,SOUTH,CAGU,Gull,31
2013-06-03,SOUTH,DUNL,Shorebird,1
2013-06-03,SOUTH,SAND,Shorebird,25
2013-06-03,SOUTH,SEPL,Shorebird,2
2013-06-03,SOUTH,SNPL,Shorebird,174
2013-06-03,SOUTH,WEGU,Gull,20
2013-06-10,NORTH,CAGU,Gull,13
2013-06-10,NORTH,LBCU,Shorebird,2
2013-06-10,NORTH,SNPL,Shorebird,79
2013-06-10,PURISIMA,SNPL,Shorebird,10
2013-06-10,SOUTH,CAGU,Gull,13
2013-06-10,SOUTH,SNPL,Shorebird,153
2013-06-10,SOUTH,WEGU,Gull,3
2013-06-17,SOUTH,BBPL,Shorebird,7
2013-06-17,SOUTH,CAGU,Gull,1
2013-06-17,SOUTH,HEEG,Gull,28
2013-06-17,SOUTH,SNPL,Shorebird,48
2013-06-17,SOUTH,WEGU,Gull,7
2013-06-24,NORTH,SNPL,Shorebird,111
2013-06-24,NORTH,WEGU,Gull,2
2013-06-24,PURISIMA,SNPL,Shorebird,17
2013-06-24,PURISIMA,WEGU,Gull,8
2013-06-24,SOUTH,CAGU,Gull,2
2013-06-24,SOUTH,HEEG,Gull,1
2013-06-24,SOUTH,SEPL,Shorebird,1
2013-06-24,SOUTH,SNPL,Shorebird,130
2013-07-01,NORTH,SNPL,Shorebird,121
2013-07-01,NORTH,WESA,Shorebird,4
2013-07-01,NORTH,WHIM,Shorebird,1
2013-07-01,PURISIMA,BBPL,Shorebird,1
2013-07-01,PURISIMA,SNPL,Shorebird,7
2013-07-01,SOUTH,SNPL,Shorebird,25
2013-07-08,NORTH,SNPL,Shorebird,90
2013-07-08,NORTH,WHIM,Shorebird,8
2013-07-08,PURISIMA,SNPL,Shorebird,8
2013-07-08,SOUTH,SEPL,Shorebird,3
2013-07-08,SOUTH,SNPL,Shorebird,193
2013-07-08,SOUTH,WEGU,Gull,1
2013-07-15,NORTH,CAGU,Gull,6
2013-07-15,NORTH,HEEG,Gull,2
2013-07-15,NORTH,LBCU,Shorebird,2
2013-07-15,NORTH,MAGO,Shorebird,1
2013-07-15,NORTH,SAND,Shorebird,1
2013-07-15,NORTH,SEPL,Shorebird,1
2013-07-15,NORTH,SNPL,Shorebird,100
2013-07-15,NORTH,WEGU,Gull,2
2013-07-15,NORTH,WESA,Shorebird,3
2013-07-15,NORTH,WHIM,Shorebird,2
2013-07-15,PURISIMA,BBPL,Shorebird,1
2013-07-15,PURISIMA,HEEG,Gull,1
2013-07-15,PURISIMA,SAND,Shorebird,15
2013-07-15,PURISIMA,SNPL,Shorebird,8
2013-07-15,PURISIMA,WEGU,Gull,25
2013-07-15,PURISIMA,WESA,Shorebird,3
2013-07-15,SOUTH,SAND,Shorebird,21
2013-07-15,SOUTH,SEPL,Shorebird,2
2013-07-15,SOUTH,SNPL,Shorebird,133
2013-07-15,SOUTH,WESA,Shorebird,3
2013-07-22,NORTH,BBPL,Shorebird,6
2013-07-22,NORTH,HEEG,Gull,119
2013-07-22,NORTH,SAND,Shorebird,42
2013-07-22,NORTH,SEPL,Shorebird,15
2013-07-22,NORTH,SNPL,Shorebird,111
2013-07-22,NORTH,WEGU,Gull,50
2013-07-22,NORTH,WESA,Shorebird,83
2013-07-22,NORTH,WHIM,Shorebird,2
2013-07-22,PURISIMA,BBPL,Shorebird,7
2013-07-22,PURISIMA,HEEG,Gull,2
2013-07-22,PURISIMA,SAND,Shorebird,11
2013-07-22,PURISIMA,SEPL,Shorebird,3
2013-07-22,PURISIMA,SNPL,Shorebird,9
2013-07-22,PURISIMA,WEGU,Gull,4
2013-07-22,SOUTH,BBPL,Shorebird,23
2013-07-22,SOUTH,CAGU,Gull,6
2013-07-22,SOUTH,HEEG,Gull,21
2013-07-22,SOUTH,MAGO,Shorebird,2
2013-07-22,SOUTH,SAND,Shorebird,195
2013-07-22,SOUTH,SEPL,Shorebird,54
2013-07-22,SOUTH,SNPL,Shorebird,196
2013-07-22,SOUTH,WEGU,Gull,133
2013-07-22,SOUTH,WESA,Shorebird,60
2013-07-29,NORTH,BBPL,Shorebird,121
2013-07-29,NORTH,CAGU,Gull,35
2013-07-29,NORTH,HEEG,Gull,364
2013-07-29,NORTH,SAND,Shorebird,125
2013-07-29,NORTH,SEPL,Shorebird,3
2013-07-29,NORTH,SNPL,Shorebird,80
2013-07-29,NORTH,WEGU,Gull,91
2013-07-29,NORTH,WESA,Shorebird,1
2013-07-29,NORTH,WHIM,Shorebird,49
2013-07-29,NORTH,WILL,Shorebird,2
2013-07-29,PURISIMA,BBPL,Shorebird,17
2013-07-29,PURISIMA,SAND,Shorebird,1040
2013-07-29,PURISIMA,SEPL,Shorebird,1
2013-07-29,PURISIMA,SNPL,Shorebird,25
2013-07-29,PURISIMA,WEGU,Gull,71
2013-07-29,PURISIMA,WILL,Shorebird,1
2013-07-29,SOUTH,BBPL,Shorebird,32
2013-07-29,SOUTH,CAGU,Gull,1
2013-07-29,SOUTH,HEEG,Gull,29
2013-07-29,SOUTH,SAND,Shorebird,370
2013-07-29,SOUTH,SEPL,Shorebird,30
2013-07-29,SOUTH,SNPL,Shorebird,79
2013-07-29,SOUTH,WEGU,Gull,47
2013-07-29,SOUTH,WESA,Shorebird,1
2013-07-29,SOUTH,WILL,Shorebird,12
2013-08-05,NORTH,BBPL,Shorebird,74
2013-08-05,NORTH,CAGU,Gull,88
2013-08-05,NORTH,HEEG,Gull,367
2013-08-05,NORTH,MAGO,Shorebird,10
2013-08-05,NORTH,ROTE,Tern,10
2013-08-05,NORTH,SAND,Shorebird,1111
2013-08-05,NORTH,SNPL,Shorebird,71
2013-08-05,NORTH,WEGU,Gull,161
2013-08-05,NORTH,WHIM,Shorebird,28
2013-08-05,NORTH,WILL,Shorebird,37
2013-08-05,PURISIMA,BBPL,Shorebird,21
2013-08-05,PURISIMA,SAND,Shorebird,700
2013-08-05,PURISIMA,SNPL,Shorebird,29
2013-08-05,PURISIMA,WEGU,Gull,32
2013-08-05,PURISIMA,WHIM,Shorebird,2
2013-08-05,PURISIMA,WILL,Shorebird,17
2013-08-05,SOUTH,BBPL,Shorebird,26
2013-08-05,SOUTH,CAGU,Gull,1
2013-08-05,SOUTH,HEEG,Gull,177
2013-08-05,SOUTH,LBCU,Shorebird,2
2013-08-05,SOUTH,LETE,Tern,28
2013-08-05,SOUTH,SAND,Shorebird,577
2013-08-05,SOUTH,SEPL,Shorebird,20
2013-08-05,SOUTH,SNPL,Shorebird,193
2013-08-05,SOUTH,WEGU,Gull,128
2013-08-05,SOUTH,WHIM,Shorebird,1
2013-08-12,NORTH,CAGU,Gull,17
2013-08-12,NORTH,HEEG,Gull,509
2013-08-12,NORTH,LBCU,Shorebird,8
2013-08-12,NORTH,MAGO,Shorebird,11
2013-08-12,NORTH,SAND,Shorebird,375
2013-08-12,NORTH,SEPL,Shorebird,2
2013-08-12,NORTH,SNPL,Shorebird,74
2013-08-12,NORTH,WEGU,Gull,55
2013-08-12,NORTH,WHIM,Shorebird,21
2013-08-12,NORTH,WILL,Shorebird,1
2013-08-12,PURISIMA,BBPL,Shorebird,8
2013-08-12,PURISIMA,HEEG,Gull,22
2013-08-12,PURISIMA,SAND,Shorebird,375
2013-08-12,PURISIMA,SNPL,Shorebird,12
2013-08-12,PURISIMA,WEGU,Gull,55
2013-08-12,SOUTH,BBPL,Shorebird,13
2013-08-12,SOUTH,CAGU,Gull,8
2013-08-12,SOUTH,ELTE,Tern,1
2013-08-12,SOUTH,HEEG,Gull,140
2013-08-12,SOUTH,LBCU,Shorebird,1
2013-08-12,SOUTH,LETE,Tern,10
2013-08-12,SOUTH,ROTE,Tern,1
2013-08-12,SOUTH,SAND,Shorebird,493
2013-08-12,SOUTH,SEPL,Shorebird,2
2013-08-12,SOUTH,SNPL,Shorebird,245
2013-08-12,SOUTH,WEGU,Gull,355
2013-08-12,SOUTH,WHIM,Shorebird,15
2013-08-12,SOUTH,WILL,Shorebird,11
2013-08-19,NORTH,CAGU,Gull,9
2013-08-19,NORTH,HEEG,Gull,573
2013-08-19,NORTH,MAGO,Shorebird,49
2013-08-19,NORTH,ROTE,Tern,6
2013-08-19,NORTH,SAND,Shorebird,11
2013-08-19,NORTH,SEPL,Shorebird,13
2013-08-19,NORTH,SNPL,Shorebird,89
2013-08-19,NORTH,WEGU,Gull,102
2013-08-19,NORTH,WHIM,Shorebird,18
2013-08-19,NORTH,WILL,Shorebird,9
2013-08-19,PURISIMA,SAND,Shorebird,10
2013-08-19,PURISIMA,SEPL,Shorebird,2
2013-08-19,PURISIMA,SNPL,Shorebird,19
2013-08-19,PURISIMA,WESA,Shorebird,5
2013-08-19,SOUTH,BBPL,Shorebird,4
2013-08-19,SOUTH,CAGU,Gull,9
2013-08-19,SOUTH,HEEG,Gull,65
2013-08-19,SOUTH,LBCU,Shorebird,1
2013-08-19,SOUTH,LESA,Shorebird,6
2013-08-19,SOUTH,MAGO,Shorebird,1
2013-08-19,SOUTH,SAND,Shorebird,56
2013-08-19,SOUTH,SEPL,Shorebird,9
2013-08-19,SOUTH,SNPL,Shorebird,238
2013-08-19,SOUTH,WEGU,Gull,732
2013-08-19,SOUTH,WESA,Shorebird,7
2013-08-26,NORTH,CAGU,Gull,104
2013-08-26,NORTH,HEEG,Gull,371
2013-08-26,NORTH,MAGO,Shorebird,98
2013-08-26,NORTH,SAND,Shorebird,555
2013-08-26,NORTH,SEPL,Shorebird,10
2013-08-26,NORTH,SNPL,Shorebird,144
2013-08-26,NORTH,WEGU,Gull,50
2013-08-26,NORTH,WHIM,Shorebird,15
2013-08-26,NORTH,WILL,Shorebird,6
2013-08-26,PURISIMA,BBPL,Shorebird,4
2013-08-26,PURISIMA,HEEG,Gull,2
2013-08-26,PURISIMA,SAND,Shorebird,4100
2013-08-26,PURISIMA,SEPL,Shorebird,5
2013-08-26,PURISIMA,SNPL,Shorebird,14
2013-08-26,PURISIMA,WEGU,Gull,61
2013-08-26,SOUTH,CAGU,Gull,20
2013-08-26,SOUTH,HEEG,Gull,20
2013-08-26,SOUTH,LESA,Shorebird,9
2013-08-26,SOUTH,ROTE,Tern,2
2013-08-26,SOUTH,SAND,Shorebird,265
2013-08-26,SOUTH,SEPL,Shorebird,38
2013-08-26,SOUTH,SNPL,Shorebird,272
2013-08-26,SOUTH,WEGU,Gull,347
2013-09-02,NORTH,BBPL,Shorebird,7
2013-09-02,NORTH,CAGU,Gull,27
2013-09-02,NORTH,HEEG,Gull,625
2013-09-02,NORTH,LBCU,Shorebird,23
2013-09-02,NORTH,MAGO,Shorebird,85
2013-09-02,NORTH,SAND,Shorebird,15
2013-09-02,NORTH,SEPL,Shorebird,24
2013-09-02,NORTH,SNPL,Shorebird,79
2013-09-02,NORTH,WEGU,Gull,178
2013-09-02,NORTH,WHIM,Shorebird,21
2013-09-02,NORTH,WILL,Shorebird,10
2013-09-02,PURISIMA,HEEG,Gull,67
2013-09-02,PURISIMA,SAND,Shorebird,8
2013-09-02,PURISIMA,SNPL,Shorebird,9
2013-09-02,PURISIMA,WEGU,Gull,163
2013-09-02,SOUTH,BBPL,Shorebird,3
2013-09-02,SOUTH,CAGU,Gull,1
2013-09-02,SOUTH,HEEG,Gull,5
2013-09-02,SOUTH,LESA,Shorebird,2
2013-09-02,SOUTH,SAND,Shorebird,34
2013-09-02,SOUTH,SEPL,Shorebird,24
2013-09-02,SOUTH,SNPL,Shorebird,286
2013-09-02,SOUTH,WEGU,Gull,140
2013-09-02,SOUTH,WESA,Shorebird,23
2013-09-02,SOUTH,WHIM,Shorebird,1
2013-09-09,NORTH,CAGU,Gull,29
2013-09-09,NORTH,HEEG,Gull,692
2013-09-09,NORTH,LBCU,Shorebird,35
2013-09-09,NORTH,MAGO,Shorebird,183
2013-09-09,NORTH,SAND,Shorebird,10
2013-09-09,NORTH,SEPL,Shorebird,14
2013-09-09,NORTH,SNPL,Shorebird,131
2013-09-09,NORTH,WEGU,Gull,75
2013-09-09,NORTH,WESA,Shorebird,2
2013-09-09,NORTH,WHIM,Shorebird,27
2013-09-09,NORTH,WILL,Shorebird,1
2013-09-09,PURISIMA,HEEG,Gull,10
2013-09-09,PURISIMA,SAND,Shorebird,400
2013-09-09,PURISIMA,SNPL,Shorebird,11
2013-09-09,PURISIMA,WEGU,Gull,16
2013-09-09,SOUTH,CAGU,Gull,3
2013-09-09,SOUTH,HEEG,Gull,81
2013-09-09,SOUTH,SAND,Shorebird,100
2013-09-09,SOUTH,SEPL,Shorebird,10
2013-09-09,SOUTH,SNPL,Shorebird,158
2013-09-09,SOUTH,WEGU,Gull,221
2013-09-16,NORTH,CAGU,Gull,18
2013-09-16,NORTH,HEEG,Gull,130
2013-09-16,NORTH,LBCU,Shorebird,31
2013-09-16,NORTH,MAGO,Shorebird,1
2013-09-16,NORTH,SAND,Shorebird,6
2013-09-16,NORTH,SNPL,Shorebird,94
2013-09-16,NORTH,WEGU,Gull,79
2013-09-16,NORTH,WHIM,Shorebird,6
2013-09-16,PURISIMA,HEEG,Gull,30
2013-09-16,PURISIMA,SAND,Shorebird,1300
2013-09-16,PURISIMA,SNPL,Shorebird,10
2013-09-16,PURISIMA,WEGU,Gull,20
2013-09-16,SOUTH,CAGU,Gull,25
2013-09-16,SOUTH,HEEG,Gull,52
2013-09-16,SOUTH,SAND,Shorebird,220
2013-09-16,SOUTH,SEPL,Shorebird,28
2013-09-16,SOUTH,SNPL,Shorebird,116
2013-09-16,SOUTH,WEGU,Gull,75
2013-09-16,SOUTH,WESA,Shorebird,1
2013-09-23,NORTH,BBPL,Shorebird,10
2013-09-23,NORTH,CAGU,Gull,30
2013-09-23,NORTH,HEEG,Gull,270
2013-09-23,NORTH,LBCU,Shorebird,1
2013-09-23,NORTH,SAND,Shorebird,10
2013-09-23,NORTH,SEPL,Shorebird,5
2013-09-23,NORTH,SNPL,Shorebird,75
2013-09-23,NORTH,WEGU,Gull,5
2013-09-23,NORTH,WHIM,Shorebird,5
2013-09-23,PURISIMA,BBPL,Shorebird,6
2013-09-23,PURISIMA,SAND,Shorebird,2
2013-09-23,PURISIMA,WEGU,Gull,5
2013-09-23,SOUTH,BBPL,Shorebird,2
2013-09-23,SOUTH,CAGU,Gull,20
2013-09-23,SOUTH,HEEG,Gull,66
2013-09-23,SOUTH,LESA,Shorebird,1
2013-09-23,SOUTH,SAND,Shorebird,236
2013-09-23,SOUTH,SEPL,Shorebird,17
2013-09-23,SOUTH,SNPL,Shorebird,122
2013-09-23,SOUTH,WEGU,Gull,141
2013-09-23,SOUTH,WESA,Shorebird,5
2013-09-30,SOUTH,BBPL,Shorebird,12
2013-09-30,SOUTH,CAGU,Gull,1
2013-09-30,SOUTH,SAND,Shorebird,310
2013-09-30,SOUTH,SEPL,Shorebird,23
2013-09-30,SOUTH,SNPL,Shorebird,45
2013-09-30,SOUTH,WEGU,Gull,2
2013-10-21,NORTH,BBPL,Shorebird,13
2013-10-21,NORTH,CAGU,Gull,3
2013-10-21,NORTH,HEEG,Gull,100
2013-10-21,NORTH,SAND,Shorebird,1000
2013-10-21,NORTH,SNPL,Shorebird,90
2013-10-21,NORTH,WEGU,Gull,303
2013-10-21,PURISIMA,BBPL,Shorebird,1
2013-10-21,PURISIMA,SAND,Shorebird,3
2013-10-21,PURISIMA,WEGU,Gull,30
2013-10-21,SOUTH,BBPL,Shorebird,1
2013-10-21,SOUTH,CAGU,Gull,33
2013-10-21,SOUTH,HEEG,Gull,60
2013-10-21,SOUTH,SAND,Shorebird,1100
2013-10-21,SOUTH,SNPL,Shorebird,142
2013-10-21,SOUTH,WEGU,Gull,132
2013-11-11,NORTH,CAGU,Gull,75
2013-11-11,NORTH,HEEG,Gull,371
2013-11-11,NORTH,WEGU,Gull,153
2013-11-11,PURISIMA,BBPL,Shorebird,4
2013-11-11,SOUTH,BBPL,Shorebird,14
2013-11-11,SOUTH,CAGU,Gull,6
2013-11-11,SOUTH,LESA,Shorebird,7
2013-11-11,SOUTH,SAND,Shorebird,825
2013-11-11,SOUTH,SNPL,Shorebird,473
2013-11-11,SOUTH,WEGU,Gull,4
2013-12-09,NORTH,BBPL,Shorebird,246
2013-12-09,NORTH,CAGU,Gull,111
2013-12-09,NORTH,HEEG,Gull,618
2013-12-09,NORTH,LBCU,Shorebird,3
2013-12-09,NORTH,SNPL,Shorebird,95
2013-12-09,NORTH,WEGU,Gull,125
2013-12-09,NORTH,WHIM,Shorebird,26
2013-12-09,SOUTH,BBPL,Shorebird,51
2013-12-09,SOUTH,CAGU,Gull,151
2013-12-09,SOUTH,HEEG,Gull,6
2013-12-09,SOUTH,LESA,Shorebird,2
2013-12-09,SOUTH,SAND,Shorebird,284
2013-12-09,SOUTH,SNPL,Shorebird,205
2013-12-09,SOUTH,WEGU,Gull,9
2014-01-20,NORTH,BBPL,Shorebird,422
2014-01-20,NORTH,CAGU,Gull,237
2014-01-20,NORTH,HEEG,Gull,22
2014-01-20,NORTH,LBCU,Shorebird,24
2014-01-20,NORTH,MAGO,Shorebird,7
2014-01-20,NORTH,SAND,Shorebird,80
2014-01-20,NORTH,SNPL,Shorebird,144
2014-01-20,NORTH,WEGU,Gull,65
2014-01-20,NORTH,WHIM,Shorebird,11
2014-01-20,PURISIMA,BBPL,Shorebird,8
2014-01-20,SOUTH,BBPL,Shorebird,5
2014-01-20,SOUTH,SAND,Shorebird,318
2014-01-20,SOUTH,SEPL,Shorebird,3
2014-01-20,SOUTH,SNPL,Shorebird,174
2014-01-20,SOUTH,WEGU,Gull,1
2014-02-10,NORTH,CAGU,Gull,24
2014-02-10,NORTH,HEEG,Gull,1
2014-02-10,NORTH,LBCU,Shorebird,1
2014-02-10,NORTH,SAND,Shorebird,2
2014-02-10,NORTH,SNPL,Shorebird,111
2014-02-10,NORTH,WEGU,Gull,10
2014-02-10,PURISIMA,BBPL,Shorebird,155
2014-02-10,PURISIMA,SAND,Shorebird,1200
2014-02-10,PURISIMA,SNPL,Shorebird,29
2014-02-10,PURISIMA,WEGU,Gull,5
2014-02-10,SOUTH,BBPL,Shorebird,82
2014-02-10,SOUTH,CAGU,Gull,12
2014-02-10,SOUTH,SAND,Shorebird,842
2014-02-10,SOUTH,SNPL,Shorebird,210
2014-02-10,SOUTH,WEGU,Gull,12
2014-03-03,NORTH,BBPL,Shorebird,1
2014-03-03,NORTH,CAGU,Gull,1
2014-03-03,NORTH,LBCU,Shorebird,2
2014-03-03,NORTH,SAND,Shorebird,124
2014-03-03,NORTH,SNPL,Shorebird,48
2014-03-03,NORTH,WEGU,Gull,19
2014-03-03,NORTH,WHIM,Shorebird,1
2014-03-03,PURISIMA,CAGU,Gull,2
2014-03-03,PURISIMA,SNPL,Shorebird,14
2014-03-03,PURISIMA,WEGU,Gull,1
2014-03-03,SOUTH,BBPL,Shorebird,25
2014-03-03,SOUTH,CAGU,Gull,150
2014-03-03,SOUTH,LESA,Shorebird,40
2014-03-03,SOUTH,ROTE,Tern,1
2014-03-03,SOUTH,SAND,Shorebird,200
2014-03-03,SOUTH,SEPL,Shorebird,3
2014-03-03,SOUTH,SNPL,Shorebird,126
2014-03-03,SOUTH,WEGU,Gull,52
2014-03-10,NORTH,BBPL,Shorebird,31
2014-03-10,NORTH,SAND,Shorebird,20
2014-03-10,NORTH,SNPL,Shorebird,87
2014-03-10,NORTH,SURF,Shorebird,5
2014-03-10,NORTH,WHIM,Shorebird,1
2014-03-10,PURISIMA,BBPL,Shorebird,6
2014-03-10,PURISIMA,SAND,Shorebird,70
2014-03-10,PURISIMA,SNPL,Shorebird,7
2014-03-10,SOUTH,BBPL,Shorebird,21
2014-03-10,SOUTH,CAGU,Gull,2
2014-03-10,SOUTH,DUNL,Shorebird,3
2014-03-10,SOUTH,LESA,Shorebird,1
2014-03-10,SOUTH,SAND,Shorebird,1
2014-03-10,SOUTH,SNPL,Shorebird,144
2014-03-10,SOUTH,WEGU,Gull,104
2014-03-10,SOUTH,WESA,Shorebird,13
2014-03-17,NORTH,BBPL,Shorebird,3
2014-03-17,NORTH,SNPL,Shorebird,56
2014-03-17,PURISIMA,SNPL,Shorebird,12
2014-03-17,SOUTH,BBPL,Shorebird,140
2014-03-17,SOUTH,CAGU,Gull,325
2014-03-17,SOUTH,MAGO,Shorebird,4
2014-03-17,SOUTH,SAND,Shorebird,592
2014-03-17,SOUTH,SEPL,Shorebird,3
2014-03-17,SOUTH,SNPL,Shorebird,142
2014-03-17,SOUTH,SURF,Shorebird,26
2014-03-17,SOUTH,WEGU,Gull,69
2014-03-17,SOUTH,WESA,Shorebird,10
2014-03-17,SOUTH,WHIM,Shorebird,1
2014-03-24,NORTH,BBPL,Shorebird,42
2014-03-24,NORTH,CAGU,Gull,1
2014-03-24,NORTH,SAND,Shorebird,59
2014-03-24,NORTH,SNPL,Shorebird,55
2014-03-24,NORTH,SURF,Shorebird,2
2014-03-24,NORTH,WEGU,Gull,1
2014-03-24,PURISIMA,SAND,Shorebird,500
2014-03-24,PURISIMA,SNPL,Shorebird,9
2014-03-24,SOUTH,BBPL,Shorebird,65
2014-03-24,SOUTH,CAGU,Gull,35
2014-03-24,SOUTH,SAND,Shorebird,7
2014-03-24,SOUTH,SNPL,Shorebird,91
2014-03-24,SOUTH,WEGU,Gull,45
2014-03-24,SOUTH,WESA,Shorebird,1
2014-03-24,SOUTH,WHIM,Shorebird,7
2014-03-31,NORTH,BBPL,Shorebird,21
2014-03-31,NORTH,SAND,Shorebird,90
2014-03-31,NORTH,SNPL,Shorebird,55
2014-03-31,NORTH,SURF,Shorebird,545
2014-03-31,PURISIMA,SNPL,Shorebird,15
2014-03-31,SOUTH,BBPL,Shorebird,55
2014-03-31,SOUTH,CAGU,Gull,10
2014-03-31,SOUTH,LBCU,Shorebird,3
2014-03-31,SOUTH,SNPL,Shorebird,126
2014-03-31,SOUTH,WEGU,Gull,25
2014-03-31,SOUTH,WESA,Shorebird,6
2014-03-31,SOUTH,WHIM,Shorebird,10
2014-04-07,NORTH,BBPL,Shorebird,156
2014-04-07,NORTH,MAGO,Shorebird,1
2014-04-07,NORTH,SAND,Shorebird,1301
2014-04-07,NORTH,SEPL,Shorebird,1
2014-04-07,NORTH,SNPL,Shorebird,45
2014-04-07,NORTH,SURF,Shorebird,6
2014-04-07,NORTH,WHIM,Shorebird,11
2014-04-07,PURISIMA,BBPL,Shorebird,11
2014-04-07,PURISIMA,SAND,Shorebird,4
2014-04-07,PURISIMA,SNPL,Shorebird,2
2014-04-07,PURISIMA,SURF,Shorebird,2
2014-04-07,SOUTH,BBPL,Shorebird,151
2014-04-07,SOUTH,CAGU,Gull,5
2014-04-07,SOUTH,CATE,Tern,1
2014-04-07,SOUTH,DUNL,Shorebird,22
2014-04-07,SOUTH,LESA,Shorebird,1
2014-04-07,SOUTH,ROTE,Tern,1
2014-04-07,SOUTH,SAND,Shorebird,1318
2014-04-07,SOUTH,SEPL,Shorebird,3
2014-04-07,SOUTH,SNPL,Shorebird,121
2014-04-07,SOUTH,SURF,Shorebird,550
2014-04-07,SOUTH,WEGU,Gull,5
2014-04-07,SOUTH,WESA,Shorebird,129
2014-04-07,SOUTH,WHIM,Shorebird,6
2014-04-14,NORTH,BBPL,Shorebird,34
2014-04-14,NORTH,DUNL,Shorebird,1
2014-04-14,NORTH,LBCU,Shorebird,1
2014-04-14,NORTH,SAND,Shorebird,101
2014-04-14,NORTH,SEPL,Shorebird,9
2014-04-14,NORTH,SNPL,Shorebird,81
2014-04-14,NORTH,SURF,Shorebird,1075
2014-04-14,NORTH,WEGU,Gull,1
2014-04-14,NORTH,WHIM,Shorebird,251
2014-04-14,PURISIMA,DUNL,Shorebird,2
2014-04-14,PURISIMA,LESA,Shorebird,1
2014-04-14,PURISIMA,SEPL,Shorebird,1
2014-04-14,PURISIMA,SNPL,Shorebird,13
2014-04-14,PURISIMA,SURF,Shorebird,2
2014-04-14,PURISIMA,WEGU,Gull,1
2014-04-14,PURISIMA,WESA,Shorebird,2
2014-04-14,PURISIMA,WHIM,Shorebird,22
2014-04-14,SOUTH,BBPL,Shorebird,10
2014-04-14,SOUTH,DUNL,Shorebird,3
2014-04-14,SOUTH,SAND,Shorebird,2080
2014-04-14,SOUTH,SEPL,Shorebird,12
2014-04-14,SOUTH,SNPL,Shorebird,98
2014-04-14,SOUTH,WEGU,Gull,31
2014-04-14,SOUTH,WESA,Shorebird,1514
2014-04-21,NORTH,DUNL,Shorebird,20
2014-04-21,NORTH,LBCU,Shorebird,1
2014-04-21,NORTH,SAND,Shorebird,50
2014-04-21,NORTH,SEPL,Shorebird,29
2014-04-21,NORTH,SNPL,Shorebird,4
2014-04-21,NORTH,WHIM,Shorebird,4
2014-04-21,PURISIMA,SEPL,Shorebird,8
2014-04-21,PURISIMA,SNPL,Shorebird,9
2014-04-21,SOUTH,BBPL,Shorebird,7
2014-04-21,SOUTH,CATE,Tern,3
2014-04-21,SOUTH,SAND,Shorebird,3339
2014-04-21,SOUTH,SEPL,Shorebird,85
2014-04-21,SOUTH,SNPL,Shorebird,88
2014-04-21,SOUTH,WEGU,Gull,6
2014-04-21,SOUTH,WESA,Shorebird,20
2014-04-21,SOUTH,WHIM,Shorebird,10
2014-05-05,SOUTH,CAGU,Gull,55
2014-05-05,SOUTH,SAND,Shorebird,845
2014-05-05,SOUTH,SEPL,Shorebird,8
2014-05-05,SOUTH,SNPL,Shorebird,32
2014-05-05,SOUTH,WEGU,Gull,10
2014-05-05,SOUTH,WILL,Shorebird,2
2014-05-12,NORTH,CAGU,Gull,17
2014-05-12,NORTH,DUNL,Shorebird,50
2014-05-12,NORTH,LBCU,Shorebird,11
2014-05-12,NORTH,SAND,Shorebird,45
2014-05-12,NORTH,SEPL,Shorebird,5
2014-05-12,NORTH,SNPL,Shorebird,78
2014-05-12,NORTH,WEGU,Gull,8
2014-05-12,NORTH,WESA,Shorebird,10
2014-05-12,NORTH,WHIM,Shorebird,387
2014-05-12,PURISIMA,CAGU,Gull,1
2014-05-12,PURISIMA,MAGO,Shorebird,1
2014-05-12,PURISIMA,SAND,Shorebird,1000
2014-05-12,PURISIMA,SNPL,Shorebird,6
2014-05-12,PURISIMA,WHIM,Shorebird,9
2014-05-12,SOUTH,CAGU,Gull,51
2014-05-12,SOUTH,SNPL,Shorebird,118
2014-05-12,SOUTH,WEGU,Gull,35
2014-05-19,NORTH,CAGU,Gull,251
2014-05-19,NORTH,HEEG,Gull,43
2014-05-19,NORTH,LBCU,Shorebird,44
2014-05-19,NORTH,SAND,Shorebird,1
2014-05-19,NORTH,SNPL,Shorebird,61
2014-05-19,NORTH,WEGU,Gull,24
2014-05-19,NORTH,WHIM,Shorebird,32
2014-05-19,PURISIMA,SAND,Shorebird,50
2014-05-19,PURISIMA,SNPL,Shorebird,9
2014-05-19,SOUTH,BBPL,Shorebird,13
2014-05-19,SOUTH,CAGU,Gull,39
2014-05-19,SOUTH,DUNL,Shorebird,185
2014-05-19,SOUTH,SAND,Shorebird,1420
2014-05-19,SOUTH,SNPL,Shorebird,126
2014-05-19,SOUTH,WEGU,Gull,51
2014-05-26,NORTH,CAGU,Gull,346
2014-05-26,NORTH,DUNL,Shorebird,1
2014-05-26,NORTH,HEEG,Gull,144
2014-05-26,NORTH,LBCU,Shorebird,4
2014-05-26,NORTH,MAGO,Shorebird,1
2014-05-26,NORTH,SNPL,Shorebird,71
2014-05-26,NORTH,WEGU,Gull,23
2014-05-26,NORTH,WHIM,Shorebird,8
2014-05-26,NORTH,WILL,Shorebird,5
2014-05-26,PURISIMA,CAGU,Gull,13
2014-05-26,PURISIMA,SAND,Shorebird,10
2014-05-26,PURISIMA,SNPL,Shorebird,7
2014-05-26,PURISIMA,WEGU,Gull,4
2014-05-26,SOUTH,CAGU,Gull,91
2014-05-26,SOUTH,HEEG,Gull,1
2014-05-26,SOUTH,SEPL,Shorebird,6
2014-05-26,SOUTH,SNPL,Shorebird,135
2014-05-26,SOUTH,WEGU,Gull,21
2014-06-02,NORTH,CAGU,Gull,390
2014-06-02,NORTH,HEEG,Gull,311
2014-06-02,NORTH,LBCU,Shorebird,10
2014-06-02,NORTH,SNPL,Shorebird,67
2014-06-02,NORTH,WEGU,Gull,19
2014-06-02,NORTH,WHIM,Shorebird,6
2014-06-02,PURISIMA,SNPL,Shorebird,7
2014-06-02,SOUTH,CAGU,Gull,140
2014-06-02,SOUTH,HEEG,Gull,2
2014-06-02,SOUTH,SNPL,Shorebird,135
2014-06-02,SOUTH,WEGU,Gull,50
2014-06-09,NORTH,BBPL,Shorebird,1
2014-06-09,NORTH,CAGU,Gull,175
2014-06-09,NORTH,HEEG,Gull,166
2014-06-09,NORTH,SNPL,Shorebird,70
2014-06-09,NORTH,WEGU,Gull,36
2014-06-09,PURISIMA,CAGU,Gull,10
2014-06-09,PURISIMA,SNPL,Shorebird,9
2014-06-09,SOUTH,BBPL,Shorebird,2
2014-06-09,SOUTH,CAGU,Gull,67
2014-06-09,SOUTH,HEEG,Gull,50
2014-06-09,SOUTH,SEPL,Shorebird,13
2014-06-09,SOUTH,SNPL,Shorebird,131
2014-06-09,SOUTH,WEGU,Gull,1
2014-06-16,NORTH,CAGU,Gull,130
2014-06-16,NORTH,HEEG,Gull,687
2014-06-16,NORTH,SNPL,Shorebird,86
2014-06-16,NORTH,WEGU,Gull,21
2014-06-16,NORTH,WHIM,Shorebird,1
2014-06-16,PURISIMA,CAGU,Gull,21
2014-06-16,PURISIMA,HEEG,Gull,7
2014-06-16,PURISIMA,SNPL,Shorebird,9
2014-06-16,PURISIMA,WEGU,Gull,2
2014-06-16,SOUTH,CAGU,Gull,7
2014-06-16,SOUTH,HEEG,Gull,150
2014-06-16,SOUTH,SNPL,Shorebird,143
2014-06-16,SOUTH,WHIM,Shorebird,2
2014-06-23,NORTH,CAGU,Gull,31
2014-06-23,NORTH,HEEG,Gull,791
2014-06-23,NORTH,LBCU,Shorebird,1
2014-06-23,NORTH,SNPL,Shorebird,33
2014-06-23,NORTH,WEGU,Gull,5
2014-06-23,PURISIMA,CAGU,Gull,1
2014-06-23,PURISIMA,SNPL,Shorebird,11
2014-06-23,SOUTH,CAGU,Gull,48
2014-06-23,SOUTH,HEEG,Gull,62
2014-06-23,SOUTH,SEPL,Shorebird,1
2014-06-23,SOUTH,SNPL,Shorebird,138
2014-06-23,SOUTH,WEGU,Gull,30
2014-06-23,SOUTH,WESA,Shorebird,1
2014-06-23,SOUTH,WHIM,Shorebird,1
2014-07-07,NORTH,CAGU,Gull,19
2014-07-07,NORTH,HEEG,Gull,5
2014-07-07,NORTH,SNPL,Shorebird,40
2014-07-07,NORTH,WEGU,Gull,20
2014-07-07,PURISIMA,SAND,Shorebird,1
2014-07-07,PURISIMA,SNPL,Shorebird,20
2014-07-07,SOUTH,HEEG,Gull,2
2014-07-07,SOUTH,SEPL,Shorebird,1
2014-07-07,SOUTH,SNPL,Shorebird,193
2014-07-14,NORTH,BBPL,Shorebird,1
2014-07-14,NORTH,CAGU,Gull,50
2014-07-14,NORTH,SNPL,Shorebird,39
2014-07-14,NORTH,WEGU,Gull,153
2014-07-14,NORTH,WHIM,Shorebird,1
2014-07-14,PURISIMA,CAGU,Gull,1
2014-07-14,PURISIMA,SAND,Shorebird,1
2014-07-14,PURISIMA,SNPL,Shorebird,20
2014-07-14,SOUTH,SNPL,Shorebird,58
2014-07-21,SOUTH,CAGU,Gull,1
2014-07-21,SOUTH,SEPL,Shorebird,3
2014-07-21,SOUTH,SNPL,Shorebird,131
2014-08-04,NORTH,BBPL,Shorebird,185
2014-08-04,NORTH,CAGU,Gull,44
2014-08-04,NORTH,HEEG,Gull,208
2014-08-04,NORTH,MAGO,Shorebird,42
2014-08-04,NORTH,SAND,Shorebird,294
2014-08-04,NORTH,SEPL,Shorebird,2
2014-08-04,NORTH,SNPL,Shorebird,50
2014-08-04,NORTH,WEGU,Gull,46
2014-08-04,NORTH,WHIM,Shorebird,12
2014-08-04,NORTH,WILL,Shorebird,15
2014-08-04,PURISIMA,BBPL,Shorebird,100
2014-08-04,PURISIMA,SAND,Shorebird,1000
2014-08-04,PURISIMA,SNPL,Shorebird,12
2014-08-04,PURISIMA,WEGU,Gull,2
2014-08-04,SOUTH,HEEG,Gull,1
2014-08-04,SOUTH,SAND,Shorebird,237
2014-08-04,SOUTH,SEPL,Shorebird,49
2014-08-04,SOUTH,SNPL,Shorebird,200
2014-08-04,SOUTH,WEGU,Gull,2
2014-08-18,NORTH,BBPL,Shorebird,2
2014-08-18,NORTH,CAGU,Gull,79
2014-08-18,NORTH,ELTE,Tern,2
2014-08-18,NORTH,HEEG,Gull,536
2014-08-18,NORTH,LBCU,Shorebird,40
2014-08-18,NORTH,MAGO,Shorebird,35
2014-08-18,NORTH,SAND,Shorebird,606
2014-08-18,NORTH,SEPL,Shorebird,2
2014-08-18,NORTH,SNPL,Shorebird,37
2014-08-18,NORTH,WEGU,Gull,59
2014-08-18,NORTH,WESA,Shorebird,1
2014-08-18,NORTH,WHIM,Shorebird,10
2014-08-18,PURISIMA,SAND,Shorebird,1148
2014-08-18,PURISIMA,SNPL,Shorebird,17
2014-08-18,SOUTH,CAGU,Gull,4
2014-08-18,SOUTH,SAND,Shorebird,3
2014-08-18,SOUTH,SEPL,Shorebird,46
2014-08-18,SOUTH,SNPL,Shorebird,176
2014-08-18,SOUTH,WEGU,Gull,3
2014-08-18,SOUTH,WESA,Shorebird,23
2014-08-18,SOUTH,WHIM,Shorebird,2
2014-09-01,NORTH,BBPL,Shorebird,15
2014-09-01,NORTH,CAGU,Gull,221
2014-09-01,NORTH,ELTE,Tern,13
2014-09-01,NORTH,HEEG,Gull,398
2014-09-01,NORTH,LBCU,Shorebird,15
2014-09-01,NORTH,MAGO,Shorebird,16
2014-09-01,NORTH,SAND,Shorebird,268
2014-09-01,NORTH,SEPL,Shorebird,6
2014-09-01,NORTH,SNPL,Shorebird,78
2014-09-01,NORTH,WEGU,Gull,18
2014-09-01,NORTH,WESA,Shorebird,4
2014-09-01,NORTH,WHIM,Shorebird,11
2014-09-01,PURISIMA,CAGU,Gull,4
2014-09-01,PURISIMA,HEEG,Gull,4
2014-09-01,PURISIMA,WEGU,Gull,1
2014-09-01,PURISIMA,WHIM,Shorebird,1
2014-09-01,SOUTH,HEEG,Gull,3
2014-09-01,SOUTH,MAGO,Shorebird,11
2014-09-01,SOUTH,SAND,Shorebird,1604
2014-09-01,SOUTH,SEPL,Shorebird,40
2014-09-01,SOUTH,SNPL,Shorebird,326
2014-09-01,SOUTH,WEGU,Gull,47
2014-09-01,SOUTH,WESA,Shorebird,8
2014-09-01,SOUTH,WHIM,Shorebird,13
2014-09-01,SOUTH,WILL,Shorebird,12
2014-09-15,NORTH,CAGU,Gull,104
2014-09-15,NORTH,ELTE,Tern,30
2014-09-15,NORTH,HEEG,Gull,790
2014-09-15,NORTH,LBCU,Shorebird,4
2014-09-15,NORTH,ROTE,Tern,30
2014-09-15,NORTH,SAND,Shorebird,378
2014-09-15,NORTH,SEPL,Shorebird,5
2014-09-15,NORTH,SNPL,Shorebird,80
2014-09-15,NORTH,WEGU,Gull,25
2014-09-15,NORTH,WHIM,Shorebird,1
2014-09-15,PURISIMA,SAND,Shorebird,36
2014-09-15,PURISIMA,WEGU,Gull,3
2014-09-15,SOUTH,BBPL,Shorebird,4
2014-09-15,SOUTH,CAGU,Gull,9
2014-09-15,SOUTH,HEEG,Gull,23
2014-09-15,SOUTH,MAGO,Shorebird,76
2014-09-15,SOUTH,SAND,Shorebird,359
2014-09-15,SOUTH,SEPL,Shorebird,5
2014-09-15,SOUTH,SNPL,Shorebird,266
2014-09-15,SOUTH,WEGU,Gull,43
2014-09-15,SOUTH,WESA,Shorebird,13
2014-09-15,SOUTH,WHIM,Shorebird,3
2014-10-20,NORTH,BBPL,Shorebird,290
2014-10-20,NORTH,CAGU,Gull,91
2014-10-20,NORTH,DUNL,Shorebird,1
2014-10-20,NORTH,ELTE,Tern,4
2014-10-20,NORTH,HEEG,Gull,1176
2014-10-20,NORTH,LBCU,Shorebird,231
2014-10-20,NORTH,MAGO,Shorebird,14
2014-10-20,NORTH,ROTE,Tern,4
2014-10-20,NORTH,SAND,Shorebird,2743
2014-10-20,NORTH,SNPL,Shorebird,56
2014-10-20,NORTH,WEGU,Gull,31
2014-10-20,NORTH,WHIM,Shorebird,2
2014-10-20,PURISIMA,BBPL,Shorebird,36
2014-10-20,PURISIMA,SAND,Shorebird,64
2014-10-20,PURISIMA,SNPL,Shorebird,12
2014-10-20,PURISIMA,WEGU,Gull,4
2014-10-20,SOUTH,BBPL,Shorebird,56
2014-10-20,SOUTH,CAGU,Gull,26
2014-10-20,SOUTH,DUNL,Shorebird,1
2014-10-20,SOUTH,ELTE,Tern,30
2014-10-20,SOUTH,HEEG,Gull,10
2014-10-20,SOUTH,LBCU,Shorebird,3
2014-10-20,SOUTH,LESA,Shorebird,2
2014-10-20,SOUTH,MAGO,Shorebird,25
2014-10-20,SOUTH,SAND,Shorebird,616
2014-10-20,SOUTH,SEPL,Shorebird,3
2014-10-20,SOUTH,SNPL,Shorebird,182
2014-10-20,SOUTH,WEGU,Gull,32
2014-10-20,SOUTH,WILL,Shorebird,11
2014-11-24,NORTH,BBPL,Shorebird,134
2014-11-24,NORTH,CAGU,Gull,220
2014-11-24,NORTH,HEEG,Gull,1034
2014-11-24,NORTH,LBCU,Shorebird,10
2014-11-24,NORTH,MAGO,Shorebird,3
2014-11-24,NORTH,ROTE,Tern,37
2014-11-24,NORTH,SAND,Shorebird,3731
2014-11-24,NORTH,SNPL,Shorebird,82
2014-11-24,NORTH,WEGU,Gull,24
2014-11-24,NORTH,WESA,Shorebird,1
2014-11-24,PURISIMA,BBPL,Shorebird,79
2014-11-24,PURISIMA,SAND,Shorebird,80
2014-11-24,PURISIMA,SNPL,Shorebird,7
2014-11-24,SOUTH,BBPL,Shorebird,19
2014-11-24,SOUTH,SAND,Shorebird,190
2014-11-24,SOUTH,SNPL,Shorebird,156
2014-11-24,SOUTH,SURF,Shorebird,3
2014-11-24,SOUTH,WEGU,Gull,1
2014-12-15,SOUTH,BBPL,Shorebird,61
2014-12-15,SOUTH,CAGU,Gull,60
2014-12-15,SOUTH,MAGO,Shorebird,6
2014-12-15,SOUTH,SAND,Shorebird,1
2014-12-15,SOUTH,SEPL,Shorebird,1
2014-12-15,SOUTH,SNPL,Shorebird,146
2014-12-15,SOUTH,WEGU,Gull,41
2014-12-15,SOUTH,WHIM,Shorebird,1
2014-12-22,NORTH,BBPL,Shorebird,41
2014-12-22,NORTH,CAGU,Gull,33
2014-12-22,NORTH,HEEG,Gull,427
2014-12-22,NORTH,LBCU,Shorebird,2
2014-12-22,NORTH,ROTE,Tern,12
2014-12-22,NORTH,SAND,Shorebird,2812
2014-12-22,NORTH,SNPL,Shorebird,12
2014-12-22,NORTH,WEGU,Gull,41
2014-12-22,PURISIMA,BBPL,Shorebird,13
2014-12-22,PURISIMA,SAND,Shorebird,28
2014-12-22,PURISIMA,SNPL,Shorebird,12
2014-12-22,PURISIMA,WEGU,Gull,1
2015-01-19,NORTH,BBPL,Shorebird,40
2015-01-19,NORTH,CAGU,Gull,1
2015-01-19,NORTH,SAND,Shorebird,2640
2015-01-19,NORTH,SNPL,Shorebird,68
2015-01-19,NORTH,WEGU,Gull,4
2015-01-19,PURISIMA,BBPL,Shorebird,1
2015-01-19,PURISIMA,SAND,Shorebird,70
2015-01-19,PURISIMA,SNPL,Shorebird,8
2015-01-19,SOUTH,BBPL,Shorebird,30
2015-01-19,SOUTH,CAGU,Gull,39
2015-01-19,SOUTH,LBCU,Shorebird,8
2015-01-19,SOUTH,LESA,Shorebird,1
2015-01-19,SOUTH,SAND,Shorebird,1222
2015-01-19,SOUTH,SNPL,Shorebird,120
2015-01-19,SOUTH,WEGU,Gull,50
2015-02-16,SOUTH,BBPL,Shorebird,12
2015-02-16,SOUTH,CAGU,Gull,55
2015-02-16,SOUTH,LBCU,Shorebird,2
2015-02-16,SOUTH,SAND,Shorebird,1347
2015-02-16,SOUTH,SNPL,Shorebird,135
2015-02-16,SOUTH,WEGU,Gull,10
2015-02-16,SOUTH,WILL,Shorebird,6
2015-03-09,NORTH,BBPL,Shorebird,3
2015-03-09,NORTH,SAND,Shorebird,2186
2015-03-09,NORTH,SNPL,Shorebird,54
2015-03-09,NORTH,WESA,Shorebird,8
2015-03-09,PURISIMA,SAND,Shorebird,200
2015-03-09,PURISIMA,SNPL,Shorebird,59
2015-03-09,SOUTH,BBPL,Shorebird,22
2015-03-09,SOUTH,CAGU,Gull,40
2015-03-09,SOUTH,SAND,Shorebird,1463
2015-03-09,SOUTH,SNPL,Shorebird,156
2015-03-09,SOUTH,WEGU,Gull,40
2015-03-09,SOUTH,WESA,Shorebird,1
2015-03-09,SOUTH,WHIM,Shorebird,2
2015-03-16,NORTH,BBPL,Shorebird,36
2015-03-16,NORTH,SAND,Shorebird,1085
2015-03-16,NORTH,SNPL,Shorebird,66
2015-03-16,NORTH,WESA,Shorebird,6
2015-03-16,NORTH,WHIM,Shorebird,10
2015-03-16,PURISIMA,BBPL,Shorebird,8
2015-03-16,PURISIMA,SAND,Shorebird,28
2015-03-16,PURISIMA,SNPL,Shorebird,8
2015-03-16,SOUTH,BBPL,Shorebird,16
2015-03-16,SOUTH,CAGU,Gull,21
2015-03-16,SOUTH,SAND,Shorebird,1982
2015-03-16,SOUTH,SEPL,Shorebird,2
2015-03-16,SOUTH,SNPL,Shorebird,159
2015-03-16,SOUTH,WEGU,Gull,20
2015-03-16,SOUTH,WESA,Shorebird,2
2015-03-16,SOUTH,WHIM,Shorebird,2
2015-03-23,NORTH,BBPL,Shorebird,12
2015-03-23,NORTH,SAND,Shorebird,337
2015-03-23,NORTH,SNPL,Shorebird,83
2015-03-23,NORTH,WESA,Shorebird,7
2015-03-23,NORTH,WHIM,Shorebird,2
2015-03-23,NORTH,WILL,Shorebird,1
2015-03-23,PURISIMA,BBPL,Shorebird,2
2015-03-23,PURISIMA,SAND,Shorebird,370
2015-03-23,PURISIMA,SNPL,Shorebird,10
2015-03-23,SOUTH,BBPL,Shorebird,50
2015-03-23,SOUTH,CAGU,Gull,10
2015-03-23,SOUTH,CATE,Tern,1
2015-03-23,SOUTH,SAND,Shorebird,677
2015-03-23,SOUTH,SEPL,Shorebird,1
2015-03-23,SOUTH,SNPL,Shorebird,157
2015-03-23,SOUTH,WESA,Shorebird,10
2015-03-23,SOUTH,WHIM,Shorebird,1
2015-03-30,NORTH,CAGU,Gull,1
2015-03-30,NORTH,SAND,Shorebird,1045
2015-03-30,NORTH,SNPL,Shorebird,67
2015-03-30,NORTH,WEGU,Gull,2
2015-03-30,NORTH,WHIM,Shorebird,40
2015-03-30,PURISIMA,CAGU,Gull,2
2015-03-30,PURISIMA,SNPL,Shorebird,5
2015-03-30,PURISIMA,WHIM,Shorebird,1
2015-03-30,SOUTH,BBPL,Shorebird,44
2015-03-30,SOUTH,CAGU,Gull,30
2015-03-30,SOUTH,MAGO,Shorebird,1
2015-03-30,SOUTH,SAND,Shorebird,47
2015-03-30,SOUTH,SNPL,Shorebird,119
2015-03-30,SOUTH,WEGU,Gull,2
2015-04-06,NORTH,SAND,Shorebird,185
2015-04-06,NORTH,SEPL,Shorebird,1
2015-04-06,NORTH,SNPL,Shorebird,44
2015-04-06,NORTH,SURF,Shorebird,2
2015-04-06,NORTH,WHIM,Shorebird,12
2015-04-06,PURISIMA,SAND,Shorebird,1
2015-04-06,PURISIMA,SNPL,Shorebird,13
2015-04-06,SOUTH,SAND,Shorebird,120
2015-04-06,SOUTH,SEPL,Shorebird,2
2015-04-06,SOUTH,SNPL,Shorebird,130
2015-04-06,SOUTH,WHIM,Shorebird,1
2015-04-13,NORTH,BBPL,Shorebird,30
2015-04-13,NORTH,DUNL,Shorebird,26
2015-04-13,NORTH,SAND,Shorebird,1570
2015-04-13,NORTH,SEPL,Shorebird,6
2015-04-13,NORTH,SNPL,Shorebird,35
2015-04-13,NORTH,SURF,Shorebird,20
2015-04-13,NORTH,WEGU,Gull,3
2015-04-13,NORTH,WESA,Shorebird,10
2015-04-13,NORTH,WHIM,Shorebird,73
2015-04-13,PURISIMA,BBPL,Shorebird,14
2015-04-13,PURISIMA,DUNL,Shorebird,1
2015-04-13,PURISIMA,SAND,Shorebird,210
2015-04-13,PURISIMA,SEPL,Shorebird,8
2015-04-13,PURISIMA,SNPL,Shorebird,13
2015-04-13,PURISIMA,WHIM,Shorebird,4
2015-04-13,SOUTH,BBPL,Shorebird,24
2015-04-13,SOUTH,SAND,Shorebird,135
2015-04-13,SOUTH,SEPL,Shorebird,9
2015-04-13,SOUTH,SNPL,Shorebird,120
2015-04-13,SOUTH,WESA,Shorebird,31
2015-04-13,SOUTH,WILL,Shorebird,30
2015-04-20,NORTH,BBPL,Shorebird,117
2015-04-20,NORTH,LBCU,Shorebird,2
2015-04-20,NORTH,SAND,Shorebird,1146
2015-04-20,NORTH,SEPL,Shorebird,99
2015-04-20,NORTH,SNPL,Shorebird,70
2015-04-20,NORTH,SURF,Shorebird,239
2015-04-20,NORTH,WESA,Shorebird,1
2015-04-20,NORTH,WHIM,Shorebird,62
2015-04-20,NORTH,WILL,Shorebird,1
2015-04-20,PURISIMA,CAGU,Gull,1
2015-04-20,PURISIMA,SAND,Shorebird,500
2015-04-20,PURISIMA,SEPL,Shorebird,1
2015-04-20,PURISIMA,SNPL,Shorebird,14
2015-04-20,PURISIMA,SURF,Shorebird,10
2015-04-20,SOUTH,BBPL,Shorebird,66
2015-04-20,SOUTH,LBCU,Shorebird,2
2015-04-20,SOUTH,SAND,Shorebird,120
2015-04-20,SOUTH,SEPL,Shorebird,104
2015-04-20,SOUTH,SNPL,Shorebird,141
2015-04-20,SOUTH,WESA,Shorebird,13
2015-04-20,SOUTH,WHIM,Shorebird,18
2015-04-20,SOUTH,WILL,Shorebird,2
2015-04-27,NORTH,BBPL,Shorebird,25
2015-04-27,NORTH,CAGU,Gull,7
2015-04-27,NORTH,DUNL,Shorebird,28
2015-04-27,NORTH,LBCU,Shorebird,2
2015-04-27,NORTH,SAND,Shorebird,1051
2015-04-27,NORTH,SEPL,Shorebird,15
2015-04-27,NORTH,SNPL,Shorebird,50
2015-04-27,NORTH,WEGU,Gull,40
2015-04-27,NORTH,WESA,Shorebird,6
2015-04-27,NORTH,WHIM,Shorebird,358
2015-04-27,PURISIMA,LBCU,Shorebird,1
2015-04-27,PURISIMA,SAND,Shorebird,35
2015-04-27,PURISIMA,SEPL,Shorebird,1
2015-04-27,PURISIMA,SNPL,Shorebird,7
2015-04-27,PURISIMA,WEGU,Gull,49
2015-04-27,PURISIMA,WHIM,Shorebird,14
2015-04-27,SOUTH,BBPL,Shorebird,5
2015-04-27,SOUTH,SAND,Shorebird,1526
2015-04-27,SOUTH,SEPL,Shorebird,21
2015-04-27,SOUTH,SNPL,Shorebird,119
2015-04-27,SOUTH,WEGU,Gull,17
2015-04-27,SOUTH,WESA,Shorebird,7
2015-04-27,SOUTH,WHIM,Shorebird,11
2015-05-04,NORTH,BBPL,Shorebird,1
2015-05-04,NORTH,CAGU,Gull,38
2015-05-04,NORTH,DUNL,Shorebird,2
2015-05-04,NORTH,LBCU,Shorebird,17
2015-05-04,NORTH,SAND,Shorebird,151
2015-05-04,NORTH,SEPL,Shorebird,9
2015-05-04,NORTH,SNPL,Shorebird,66
2015-05-04,NORTH,WEGU,Gull,16
2015-05-04,NORTH,WESA,Shorebird,2
2015-05-04,NORTH,WHIM,Shorebird,460
2015-05-04,PURISIMA,SAND,Shorebird,1
2015-05-04,PURISIMA,SNPL,Shorebird,8
2015-05-04,PURISIMA,WEGU,Gull,3
2015-05-11,NORTH,BBPL,Shorebird,3
2015-05-11,NORTH,CAGU,Gull,5
2015-05-11,NORTH,SAND,Shorebird,1753
2015-05-11,NORTH,SNPL,Shorebird,67
2015-05-11,NORTH,WHIM,Shorebird,107
2015-05-11,PURISIMA,BBPL,Shorebird,1
2015-05-11,PURISIMA,SAND,Shorebird,168
2015-05-11,PURISIMA,SNPL,Shorebird,6
2015-05-11,PURISIMA,WEGU,Gull,5
2015-05-11,SOUTH,BBPL,Shorebird,2
2015-05-11,SOUTH,CAGU,Gull,25
2015-05-11,SOUTH,CATE,Tern,5
2015-05-11,SOUTH,DUNL,Shorebird,3
2015-05-11,SOUTH,SAND,Shorebird,1230
2015-05-11,SOUTH,SEPL,Shorebird,9
2015-05-11,SOUTH,SNPL,Shorebird,167
2015-05-11,SOUTH,WEGU,Gull,2
2015-05-11,SOUTH,WESA,Shorebird,30
2015-05-11,SOUTH,WHIM,Shorebird,2
2015-05-18,NORTH,BBPL,Shorebird,3
2015-05-18,NORTH,CAGU,Gull,4
2015-05-18,NORTH,SAND,Shorebird,65
2015-05-18,NORTH,SEPL,Shorebird,7
2015-05-18,NORTH,SNPL,Shorebird,83
2015-05-18,NORTH,WEGU,Gull,3
2015-05-18,NORTH,WHIM,Shorebird,11
2015-05-18,PURISIMA,SNPL,Shorebird,14
2015-05-18,SOUTH,BBPL,Shorebird,6
2015-05-18,SOUTH,SAND,Shorebird,846
2015-05-18,SOUTH,SNPL,Shorebird,215
2015-05-25,NORTH,CAGU,Gull,103
2015-05-25,NORTH,SAND,Shorebird,20
2015-05-25,NORTH,SNPL,Shorebird,93
2015-05-25,NORTH,WEGU,Gull,1
2015-05-25,NORTH,WHIM,Shorebird,1
2015-05-25,PURISIMA,SNPL,Shorebird,11
2015-05-25,PURISIMA,WEGU,Gull,5
2015-05-25,SOUTH,BBPL,Shorebird,6
2015-05-25,SOUTH,CAGU,Gull,224
2015-05-25,SOUTH,HEEG,Gull,5
2015-05-25,SOUTH,SAND,Shorebird,146
2015-05-25,SOUTH,SNPL,Shorebird,157
2015-05-25,SOUTH,WEGU,Gull,13
2015-05-25,SOUTH,WILL,Shorebird,1
2015-06-01,NORTH,BBPL,Shorebird,13
2015-06-01,NORTH,CAGU,Gull,144
2015-06-01,NORTH,HEEG,Gull,11
2015-06-01,NORTH,LBCU,Shorebird,9
2015-06-01,NORTH,SAND,Shorebird,41
2015-06-01,NORTH,SNPL,Shorebird,74
2015-06-01,NORTH,WEGU,Gull,66
2015-06-01,PURISIMA,BBPL,Shorebird,1
2015-06-01,PURISIMA,CAGU,Gull,5
2015-06-01,PURISIMA,SNPL,Shorebird,9
2015-06-01,PURISIMA,WILL,Shorebird,8
2015-06-01,SOUTH,BBPL,Shorebird,1
2015-06-01,SOUTH,CAGU,Gull,129
2015-06-01,SOUTH,CATE,Tern,1
2015-06-01,SOUTH,HEEG,Gull,2
2015-06-01,SOUTH,SAND,Shorebird,29
2015-06-01,SOUTH,SNPL,Shorebird,175
2015-06-01,SOUTH,WEGU,Gull,17
2015-06-01,SOUTH,WHIM,Shorebird,8
2015-06-08,NORTH,CAGU,Gull,73
2015-06-08,NORTH,HEEG,Gull,3
2015-06-08,NORTH,SNPL,Shorebird,83
2015-06-08,NORTH,WEGU,Gull,9
2015-06-08,PURISIMA,BBPL,Shorebird,3
2015-06-08,PURISIMA,CAGU,Gull,9
2015-06-08,PURISIMA,SNPL,Shorebird,7
2015-06-08,PURISIMA,WEGU,Gull,1
2015-06-08,SOUTH,BBPL,Shorebird,35
2015-06-08,SOUTH,CAGU,Gull,71
2015-06-08,SOUTH,CATE,Tern,7
2015-06-08,SOUTH,SAND,Shorebird,11
2015-06-08,SOUTH,SNPL,Shorebird,209
2015-06-08,SOUTH,WEGU,Gull,15
2015-06-08,SOUTH,WHIM,Shorebird,8
2015-06-22,NORTH,CAGU,Gull,114
2015-06-22,NORTH,HEEG,Gull,974
2015-06-22,NORTH,SAND,Shorebird,1
2015-06-22,NORTH,SNPL,Shorebird,62
2015-06-22,NORTH,WEGU,Gull,7
2015-06-22,PURISIMA,BBPL,Shorebird,4
2015-06-22,PURISIMA,CAGU,Gull,22
2015-06-22,PURISIMA,HEEG,Gull,5
2015-06-22,PURISIMA,SNPL,Shorebird,7
2015-06-29,SOUTH,BBPL,Shorebird,3
2015-06-29,SOUTH,CAGU,Gull,41
2015-06-29,SOUTH,ROTE,Tern,5
2015-06-29,SOUTH,SAND,Shorebird,1
2015-06-29,SOUTH,SEPL,Shorebird,5
2015-06-29,SOUTH,SNPL,Shorebird,204
2015-06-29,SOUTH,WEGU,Gull,20
2015-07-06,NORTH,SNPL,Shorebird,75
2015-07-06,NORTH,WEGU,Gull,2
2015-07-06,PURISIMA,CAGU,Gull,1
2015-07-06,PURISIMA,SNPL,Shorebird,12
2015-07-13,SOUTH,BBPL,Shorebird,30
2015-07-13,SOUTH,CAGU,Gull,3
2015-07-13,SOUTH,CATE,Tern,3
2015-07-13,SOUTH,HEEG,Gull,100
2015-07-13,SOUTH,LETE,Tern,10
2015-07-13,SOUTH,SAND,Shorebird,60
2015-07-13,SOUTH,SEPL,Shorebird,3
2015-07-13,SOUTH,SNPL,Shorebird,325
2015-07-13,SOUTH,WEGU,Gull,43
2015-07-13,SOUTH,WILL,Shorebird,1
2015-07-20,NORTH,CAGU,Gull,3
2015-07-20,NORTH,HEEG,Gull,20
2015-07-20,NORTH,SAND,Shorebird,275
2015-07-20,NORTH,SEPL,Shorebird,3
2015-07-20,NORTH,SNPL,Shorebird,105
2015-07-20,NORTH,WEGU,Gull,12
2015-07-20,NORTH,WHIM,Shorebird,88
2015-07-20,PURISIMA,SAND,Shorebird,150
2015-07-20,PURISIMA,SNPL,Shorebird,18
2015-07-20,PURISIMA,WEGU,Gull,4
2015-07-27,SOUTH,BBPL,Shorebird,1
2015-07-27,SOUTH,CAGU,Gull,6
2015-07-27,SOUTH,HEEG,Gull,72
2015-07-27,SOUTH,LBCU,Shorebird,2
2015-07-27,SOUTH,ROTE,Tern,4
2015-07-27,SOUTH,SAND,Shorebird,8
2015-07-27,SOUTH,SEPL,Shorebird,1
2015-07-27,SOUTH,SNPL,Shorebird,262
2015-07-27,SOUTH,WEGU,Gull,211
2015-08-03,NORTH,CAGU,Gull,1
2015-08-03,NORTH,SAND,Shorebird,25
2015-08-03,NORTH,SNPL,Shorebird,98
2015-08-03,NORTH,WEGU,Gull,7
2015-08-03,NORTH,WHIM,Shorebird,16
2015-08-03,PURISIMA,BBPL,Shorebird,68
2015-08-03,PURISIMA,SAND,Shorebird,120
2015-08-03,PURISIMA,SNPL,Shorebird,14
2015-08-03,PURISIMA,WHIM,Shorebird,3
2015-08-10,SOUTH,CAGU,Gull,56
2015-08-10,SOUTH,CATE,Tern,10
2015-08-10,SOUTH,HEEG,Gull,105
2015-08-10,SOUTH,ROTE,Tern,250
2015-08-10,SOUTH,SAND,Shorebird,248
2015-08-10,SOUTH,SEPL,Shorebird,2
2015-08-10,SOUTH,SNPL,Shorebird,230
2015-08-10,SOUTH,WEGU,Gull,150
2015-08-10,SOUTH,WESA,Shorebird,10
2015-08-10,SOUTH,WILL,Shorebird,8
2015-08-17,NORTH,CAGU,Gull,14
2015-08-17,NORTH,ELTE,Tern,68
2015-08-17,NORTH,HEEG,Gull,570
2015-08-17,NORTH,LBCU,Shorebird,102
2015-08-17,NORTH,MAGO,Shorebird,38
2015-08-17,NORTH,ROTE,Tern,66
2015-08-17,NORTH,SAND,Shorebird,27
2015-08-17,NORTH,SEPL,Shorebird,18
2015-08-17,NORTH,SNPL,Shorebird,164
2015-08-17,NORTH,WEGU,Gull,17
2015-08-17,NORTH,WHIM,Shorebird,14
2015-08-17,NORTH,WILL,Shorebird,4
2015-08-17,PURISIMA,BBPL,Shorebird,72
2015-08-17,PURISIMA,SAND,Shorebird,360
2015-08-17,PURISIMA,SNPL,Shorebird,30
2015-08-17,PURISIMA,WILL,Shorebird,1
2015-08-24,SOUTH,BBPL,Shorebird,2
2015-08-24,SOUTH,CAGU,Gull,71
2015-08-24,SOUTH,ELTE,Tern,1330
2015-08-24,SOUTH,HEEG,Gull,17
2015-08-24,SOUTH,LBCU,Shorebird,3
2015-08-24,SOUTH,ROTE,Tern,100
2015-08-24,SOUTH,SAND,Shorebird,83
2015-08-24,SOUTH,SEPL,Shorebird,24
2015-08-24,SOUTH,SNPL,Shorebird,214
2015-08-24,SOUTH,WEGU,Gull,25
2015-08-24,SOUTH,WESA,Shorebird,4
2015-08-24,SOUTH,WHIM,Shorebird,3
2015-08-24,SOUTH,WILL,Shorebird,4
2015-08-31,NORTH,BBPL,Shorebird,2
2015-08-31,NORTH,CAGU,Gull,4
2015-08-31,NORTH,ELTE,Tern,108
2015-08-31,NORTH,HEEG,Gull,539
2015-08-31,NORTH,LBCU,Shorebird,115
2015-08-31,NORTH,MAGO,Shorebird,184
2015-08-31,NORTH,ROTE,Tern,50
2015-08-31,NORTH,SAND,Shorebird,277
2015-08-31,NORTH,SEPL,Shorebird,45
2015-08-31,NORTH,SNPL,Shorebird,117
2015-08-31,NORTH,WEGU,Gull,9
2015-08-31,NORTH,WESA,Shorebird,1
2015-08-31,NORTH,WHIM,Shorebird,61
2015-08-31,NORTH,WILL,Shorebird,4
2015-08-31,PURISIMA,SAND,Shorebird,120
2015-08-31,PURISIMA,SNPL,Shorebird,20
2015-08-31,PURISIMA,WILL,Shorebird,1
2015-09-07,SOUTH,BBPL,Shorebird,1
2015-09-07,SOUTH,CAGU,Gull,41
2015-09-07,SOUTH,ELTE,Tern,15
2015-09-07,SOUTH,HEEG,Gull,15
2015-09-07,SOUTH,LESA,Shorebird,6
2015-09-07,SOUTH,MAGO,Shorebird,1
2015-09-07,SOUTH,SAND,Shorebird,749
2015-09-07,SOUTH,SEPL,Shorebird,28
2015-09-07,SOUTH,SNPL,Shorebird,274
2015-09-07,SOUTH,WEGU,Gull,10
2015-09-07,SOUTH,WESA,Shorebird,12
2015-09-07,SOUTH,WILL,Shorebird,1
2015-09-14,NORTH,BBPL,Shorebird,4
2015-09-14,NORTH,CAGU,Gull,11
2015-09-14,NORTH,HEEG,Gull,134
2015-09-14,NORTH,LBCU,Shorebird,32
2015-09-14,NORTH,MAGO,Shorebird,29
2015-09-14,NORTH,ROTE,Tern,8
2015-09-14,NORTH,SAND,Shorebird,526
2015-09-14,NORTH,SEPL,Shorebird,22
2015-09-14,NORTH,SNPL,Shorebird,185
2015-09-14,NORTH,WEGU,Gull,1
2015-09-14,NORTH,WHIM,Shorebird,10
2015-09-14,NORTH,WILL,Shorebird,1
2015-09-14,PURISIMA,BBPL,Shorebird,1
2015-09-14,PURISIMA,SAND,Shorebird,55
2015-09-14,PURISIMA,SNPL,Shorebird,21
2015-09-21,SOUTH,BBPL,Shorebird,27
2015-09-21,SOUTH,CAGU,Gull,1
2015-09-21,SOUTH,HEEG,Gull,1
2015-09-21,SOUTH,LESA,Shorebird,2
2015-09-21,SOUTH,MAGO,Shorebird,1
2015-09-21,SOUTH,SAND,Shorebird,387
2015-09-21,SOUTH,SEPL,Shorebird,11
2015-09-21,SOUTH,SNPL,Shorebird,219
2015-09-21,SOUTH,WESA,Shorebird,1
2015-10-19,NORTH,BBPL,Shorebird,265
2015-10-19,NORTH,CAGU,Gull,4
2015-10-19,NORTH,ELTE,Tern,37
2015-10-19,NORTH,HEEG,Gull,206
2015-10-19,NORTH,LBCU,Shorebird,339
2015-10-19,NORTH,MAGO,Shorebird,36
2015-10-19,NORTH,ROTE,Tern,22
2015-10-19,NORTH,SAND,Shorebird,899
2015-10-19,NORTH,SNPL,Shorebird,147
2015-10-19,NORTH,WEGU,Gull,19
2015-10-19,NORTH,WHIM,Shorebird,16
2015-10-19,PURISIMA,BBPL,Shorebird,11
2015-10-19,PURISIMA,SAND,Shorebird,103
2015-10-19,PURISIMA,SEPL,Shorebird,2
2015-10-19,PURISIMA,SNPL,Shorebird,19
2015-10-19,PURISIMA,WEGU,Gull,4
2015-10-19,SOUTH,BBPL,Shorebird,17
2015-10-19,SOUTH,LESA,Shorebird,3
2015-10-19,SOUTH,MAGO,Shorebird,3
2015-10-19,SOUTH,SAND,Shorebird,679
2015-10-19,SOUTH,SEPL,Shorebird,10
2015-10-19,SOUTH,SNPL,Shorebird,157
2015-11-16,NORTH,BBPL,Shorebird,55
2015-11-16,NORTH,CAGU,Gull,4
2015-11-16,NORTH,HEEG,Gull,45
2015-11-16,NORTH,LBCU,Shorebird,21
2015-11-16,NORTH,MAGO,Shorebird,2
2015-11-16,NORTH,ROTE,Tern,4
2015-11-16,NORTH,SAND,Shorebird,418
2015-11-16,NORTH,SNPL,Shorebird,116
2015-11-16,NORTH,WEGU,Gull,21
2015-11-16,PURISIMA,BBPL,Shorebird,4
2015-11-16,PURISIMA,SAND,Shorebird,53
2015-11-16,PURISIMA,SNPL,Shorebird,15
2015-11-16,SOUTH,BBPL,Shorebird,12
2015-11-16,SOUTH,SAND,Shorebird,190
2015-11-16,SOUTH,SEPL,Shorebird,1
2015-11-16,SOUTH,SNPL,Shorebird,102
2015-11-16,SOUTH,WEGU,Gull,2
2015-12-14,NORTH,BBPL,Shorebird,17
2015-12-14,NORTH,CAGU,Gull,7
2015-12-14,NORTH,LBCU,Shorebird,9
2015-12-14,NORTH,SAND,Shorebird,100
2015-12-14,NORTH,SNPL,Shorebird,105
2015-12-14,NORTH,WEGU,Gull,13
2015-12-14,NORTH,WHIM,Shorebird,2
2015-12-14,PURISIMA,BBPL,Shorebird,4
2015-12-14,PURISIMA,SAND,Shorebird,8
2015-12-14,PURISIMA,SNPL,Shorebird,4
2015-12-14,SOUTH,CAGU,Gull,70
2015-12-14,SOUTH,MAGO,Shorebird,4
2015-12-14,SOUTH,ROTE,Tern,15
2015-12-14,SOUTH,SAND,Shorebird,190
2015-12-14,SOUTH,SEPL,Shorebird,3
2015-12-14,SOUTH,SNPL,Shorebird,78
2015-12-14,SOUTH,WEGU,Gull,11
2016-01-18,NORTH,BBPL,Shorebird,1
2016-01-18,NORTH,LBCU,Shorebird,3
2016-01-18,NORTH,SAND,Shorebird,319
2016-01-18,NORTH,SNPL,Shorebird,54
2016-01-18,NORTH,WEGU,Gull,6
2016-01-18,PURISIMA,SAND,Shorebird,69
2016-01-18,PURISIMA,SNPL,Shorebird,2
2016-01-18,SOUTH,DUNL,Shorebird,2
2016-01-18,SOUTH,SAND,Shorebird,555
2016-01-18,SOUTH,SNPL,Shorebird,143
2016-01-18,SOUTH,WEGU,Gull,2
2016-01-18,SOUTH,WHIM,Shorebird,1
2016-02-15,NORTH,SAND,Shorebird,685
2016-02-15,NORTH,SNPL,Shorebird,33
2016-02-15,NORTH,WEGU,Gull,2
2016-02-15,PURISIMA,SAND,Shorebird,15
2016-02-15,SOUTH,BBPL,Shorebird,19
2016-02-15,SOUTH,CAGU,Gull,2
2016-02-15,SOUTH,SAND,Shorebird,446
2016-02-15,SOUTH,SNPL,Shorebird,101
2016-02-15,SOUTH,WEGU,Gull,4
2016-02-29,SOUTH,BBPL,Shorebird,10
2016-02-29,SOUTH,MAGO,Shorebird,1
2016-02-29,SOUTH,SAND,Shorebird,1545
2016-02-29,SOUTH,SNPL,Shorebird,97
2016-03-07,NORTH,SAND,Shorebird,842
2016-03-07,NORTH,SNPL,Shorebird,4
2016-03-07,NORTH,WESA,Shorebird,56
2016-03-07,NORTH,WHIM,Shorebird,3
2016-03-07,PURISIMA,SNPL,Shorebird,5
2016-03-14,SOUTH,BBPL,Shorebird,52
2016-03-14,SOUTH,CAGU,Gull,41
2016-03-14,SOUTH,SAND,Shorebird,3180
2016-03-14,SOUTH,SEPL,Shorebird,1
2016-03-14,SOUTH,SNPL,Shorebird,94
2016-03-14,SOUTH,WEGU,Gull,10
2016-03-14,SOUTH,WESA,Shorebird,70
2016-03-14,SOUTH,WHIM,Shorebird,5
2016-03-21,NORTH,BBPL,Shorebird,4
2016-03-21,NORTH,SAND,Shorebird,21
2016-03-21,NORTH,SNPL,Shorebird,41
2016-03-21,NORTH,WEGU,Gull,2
2016-03-21,NORTH,WESA,Shorebird,8
2016-03-21,PURISIMA,SNPL,Shorebird,1
2016-03-21,PURISIMA,WESA,Shorebird,5
2016-03-28,SOUTH,BBPL,Shorebird,14
2016-03-28,SOUTH,DUNL,Shorebird,1
2016-03-28,SOUTH,MAGO,Shorebird,1
2016-03-28,SOUTH,SAND,Shorebird,465
2016-03-28,SOUTH,SNPL,Shorebird,109
2016-03-28,SOUTH,WEGU,Gull,3
2016-03-28,SOUTH,WILL,Shorebird,2
2016-04-04,NORTH,SEPL,Shorebird,5
2016-04-04,NORTH,SNPL,Shorebird,82
2016-04-04,PURISIMA,BBPL,Shorebird,39
2016-04-04,PURISIMA,SAND,Shorebird,4
2016-04-04,PURISIMA,SNPL,Shorebird,9
2016-04-11,SOUTH,BBPL,Shorebird,13
2016-04-11,SOUTH,SAND,Shorebird,454
2016-04-11,SOUTH,SEPL,Shorebird,40
2016-04-11,SOUTH,SNPL,Shorebird,127
2016-04-11,SOUTH,WEGU,Gull,1
2016-04-11,SOUTH,WESA,Shorebird,50
2016-04-11,SOUTH,WHIM,Shorebird,18
2016-04-11,SOUTH,WILL,Shorebird,3
2016-04-18,NORTH,BBPL,Shorebird,29
2016-04-18,NORTH,SAND,Shorebird,543
2016-04-18,NORTH,SEPL,Shorebird,9
2016-04-18,NORTH,SNPL,Shorebird,67
2016-04-18,NORTH,WESA,Shorebird,19
2016-04-18,NORTH,WHIM,Shorebird,172
2016-04-18,PURISIMA,BBPL,Shorebird,12
2016-04-18,PURISIMA,SEPL,Shorebird,5
2016-04-18,PURISIMA,SNPL,Shorebird,14
2016-04-25,SOUTH,BBPL,Shorebird,33
2016-04-25,SOUTH,CAGU,Gull,25
2016-04-25,SOUTH,CATE,Tern,4
2016-04-25,SOUTH,DUNL,Shorebird,1
2016-04-25,SOUTH,MAGO,Shorebird,10
2016-04-25,SOUTH,SAND,Shorebird,600
2016-04-25,SOUTH,SEPL,Shorebird,9
2016-04-25,SOUTH,SNPL,Shorebird,108
2016-04-25,SOUTH,WEGU,Gull,20
2016-04-25,SOUTH,WHIM,Shorebird,4
2016-05-02,NORTH,BBPL,Shorebird,5
2016-05-02,NORTH,CAGU,Gull,1
2016-05-02,NORTH,SAND,Shorebird,1038
2016-05-02,NORTH,SEPL,Shorebird,5
2016-05-02,NORTH,SNPL,Shorebird,60
2016-05-02,NORTH,WHIM,Shorebird,34
2016-05-02,PURISIMA,LBCU,Shorebird,2
2016-05-02,PURISIMA,SNPL,Shorebird,13
2016-05-02,PURISIMA,WHIM,Shorebird,4
2016-05-09,NORTH,LBCU,Shorebird,25
2016-05-09,NORTH,SAND,Shorebird,160
2016-05-09,NORTH,SNPL,Shorebird,63
2016-05-09,PURISIMA,SAND,Shorebird,1
2016-05-09,PURISIMA,SNPL,Shorebird,5
2016-05-09,SOUTH,BBPL,Shorebird,4
2016-05-09,SOUTH,SAND,Shorebird,1110
2016-05-09,SOUTH,SEPL,Shorebird,2
2016-05-09,SOUTH,SNPL,Shorebird,92
2016-05-16,NORTH,LBCU,Shorebird,1
2016-05-16,NORTH,SAND,Shorebird,190
2016-05-16,NORTH,SNPL,Shorebird,67
2016-05-16,PURISIMA,SAND,Shorebird,15
2016-05-16,PURISIMA,SNPL,Shorebird,10
2016-05-16,PURISIMA,WEGU,Gull,3
2016-05-16,SOUTH,SAND,Shorebird,311
2016-05-16,SOUTH,SNPL,Shorebird,115
2016-05-16,SOUTH,WEGU,Gull,2
2016-05-16,SOUTH,WHIM,Shorebird,2
2016-05-30,NORTH,SNPL,Shorebird,81
2016-05-30,PURISIMA,SNPL,Shorebird,9
2016-05-30,SOUTH,CAGU,Gull,1
2016-05-30,SOUTH,SEPL,Shorebird,1
2016-05-30,SOUTH,SNPL,Shorebird,164
2016-06-20,NORTH,CAGU,Gull,1
2016-06-20,NORTH,LBCU,Shorebird,1
2016-06-20,NORTH,SNPL,Shorebird,105
2016-06-20,PURISIMA,BBPL,Shorebird,2
2016-06-20,PURISIMA,CAGU,Gull,2
2016-06-20,PURISIMA,SNPL,Shorebird,9
2016-06-27,SOUTH,HEEG,Gull,250
2016-06-27,SOUTH,SNPL,Shorebird,195
2016-06-27,SOUTH,WEGU,Gull,77
2016-06-27,SOUTH,WESA,Shorebird,170
2016-06-27,SOUTH,WHIM,Shorebird,1
2016-07-04,NORTH,SAND,Shorebird,5
2016-07-04,NORTH,SNPL,Shorebird,105
2016-07-04,NORTH,WEGU,Gull,2
2016-07-04,NORTH,WESA,Shorebird,13
2016-07-04,PURISIMA,SNPL,Shorebird,20
2016-07-11,SOUTH,BBPL,Shorebird,3
2016-07-11,SOUTH,CAGU,Gull,15
2016-07-11,SOUTH,HEEG,Gull,106
2016-07-11,SOUTH,MAGO,Shorebird,3
2016-07-11,SOUTH,SAND,Shorebird,215
2016-07-11,SOUTH,SEPL,Shorebird,11
2016-07-11,SOUTH,SNPL,Shorebird,194
2016-07-11,SOUTH,WEGU,Gull,52
2016-07-11,SOUTH,WESA,Shorebird,21
2016-07-18,NORTH,CAGU,Gull,2
2016-07-18,NORTH,SAND,Shorebird,1
2016-07-18,NORTH,SNPL,Shorebird,86
2016-07-18,NORTH,WESA,Shorebird,1
2016-07-18,PURISIMA,BBPL,Shorebird,6
2016-07-18,PURISIMA,CAGU,Gull,1
2016-07-18,PURISIMA,SAND,Shorebird,10
2016-07-18,PURISIMA,SEPL,Shorebird,2
2016-07-18,PURISIMA,SNPL,Shorebird,10
2016-08-01,NORTH,BBPL,Shorebird,18
2016-08-01,NORTH,LBCU,Shorebird,6
2016-08-01,NORTH,MAGO,Shorebird,3
2016-08-01,NORTH,SAND,Shorebird,26
2016-08-01,NORTH,SEPL,Shorebird,7
2016-08-01,NORTH,SNPL,Shorebird,98
2016-08-01,NORTH,WEGU,Gull,1
2016-08-01,NORTH,WILL,Shorebird,6
2016-08-01,PURISIMA,BBPL,Shorebird,7
2016-08-01,PURISIMA,SAND,Shorebird,490
2016-08-01,PURISIMA,SEPL,Shorebird,10
2016-08-01,PURISIMA,SNPL,Shorebird,21
2016-08-01,PURISIMA,WESA,Shorebird,1
2016-08-01,SOUTH,BBPL,Shorebird,4
2016-08-01,SOUTH,CAGU,Gull,50
2016-08-01,SOUTH,ELTE,Tern,10
2016-08-01,SOUTH,HEEG,Gull,2
2016-08-01,SOUTH,LETE,Tern,30
2016-08-01,SOUTH,SAND,Shorebird,843
2016-08-01,SOUTH,SEPL,Shorebird,63
2016-08-01,SOUTH,SNPL,Shorebird,216
2016-08-01,SOUTH,WEGU,Gull,601
2016-08-01,SOUTH,WESA,Shorebird,12
2016-08-01,SOUTH,WILL,Shorebird,28
2016-08-08,SOUTH,BBPL,Shorebird,42
2016-08-08,SOUTH,CAGU,Gull,90
2016-08-08,SOUTH,ELTE,Tern,87
2016-08-08,SOUTH,HEEG,Gull,2
2016-08-08,SOUTH,LBCU,Shorebird,12
2016-08-08,SOUTH,MAGO,Shorebird,4
2016-08-08,SOUTH,SAND,Shorebird,157
2016-08-08,SOUTH,SEPL,Shorebird,12
2016-08-08,SOUTH,SNPL,Shorebird,190
2016-08-08,SOUTH,WEGU,Gull,501
2016-08-08,SOUTH,WESA,Shorebird,6
2016-08-08,SOUTH,WHIM,Shorebird,4
2016-08-08,SOUTH,WILL,Shorebird,8
2016-08-15,NORTH,BBPL,Shorebird,1
2016-08-15,NORTH,CAGU,Gull,10
2016-08-15,NORTH,ELTE,Tern,370
2016-08-15,NORTH,HEEG,Gull,355
2016-08-15,NORTH,LBCU,Shorebird,74
2016-08-15,NORTH,MAGO,Shorebird,91
2016-08-15,NORTH,ROTE,Tern,20
2016-08-15,NORTH,SAND,Shorebird,41
2016-08-15,NORTH,SEPL,Shorebird,7
2016-08-15,NORTH,SNPL,Shorebird,110
2016-08-15,NORTH,WEGU,Gull,103
2016-08-15,NORTH,WHIM,Shorebird,5
2016-08-15,NORTH,WILL,Shorebird,31
2016-08-15,PURISIMA,SAND,Shorebird,11
2016-08-15,PURISIMA,SEPL,Shorebird,3
2016-08-15,PURISIMA,SNPL,Shorebird,20
2016-08-22,SOUTH,CAGU,Gull,1
2016-08-22,SOUTH,CATE,Tern,13
2016-08-22,SOUTH,ELTE,Tern,211
2016-08-22,SOUTH,HEEG,Gull,90
2016-08-22,SOUTH,MAGO,Shorebird,15
2016-08-22,SOUTH,SAND,Shorebird,1704
2016-08-22,SOUTH,SEPL,Shorebird,7
2016-08-22,SOUTH,SNPL,Shorebird,171
2016-08-22,SOUTH,WEGU,Gull,208
2016-08-22,SOUTH,WESA,Shorebird,5
2016-08-29,NORTH,DUNL,Shorebird,1
2016-08-29,NORTH,HEEG,Gull,81
2016-08-29,NORTH,LBCU,Shorebird,36
2016-08-29,NORTH,MAGO,Shorebird,1
2016-08-29,NORTH,SAND,Shorebird,478
2016-08-29,NORTH,SNPL,Shorebird,57
2016-08-29,NORTH,WEGU,Gull,13
2016-08-29,NORTH,WILL,Shorebird,2
2016-08-29,PURISIMA,SAND,Shorebird,40
2016-08-29,PURISIMA,SNPL,Shorebird,2
2016-08-29,PURISIMA,WEGU,Gull,13
2016-09-05,SOUTH,BBPL,Shorebird,9
2016-09-05,SOUTH,CAGU,Gull,4
2016-09-05,SOUTH,HEEG,Gull,1
2016-09-05,SOUTH,LBCU,Shorebird,1
2016-09-05,SOUTH,LESA,Shorebird,1
2016-09-05,SOUTH,LETE,Tern,1
2016-09-05,SOUTH,SAND,Shorebird,938
2016-09-05,SOUTH,SEPL,Shorebird,11
2016-09-05,SOUTH,SNPL,Shorebird,175
2016-09-05,SOUTH,WEGU,Gull,17
2016-09-05,SOUTH,WESA,Shorebird,35
2016-09-05,SOUTH,WILL,Shorebird,7
2016-09-12,NORTH,BBPL,Shorebird,2
2016-09-12,NORTH,LBCU,Shorebird,1
2016-09-12,NORTH,SEPL,Shorebird,1
2016-09-12,NORTH,SNPL,Shorebird,81
2016-09-12,NORTH,WEGU,Gull,4
2016-09-12,PURISIMA,BBPL,Shorebird,2
2016-09-12,PURISIMA,CAGU,Gull,1
2016-09-12,PURISIMA,SAND,Shorebird,156
2016-09-12,PURISIMA,SNPL,Shorebird,7
2016-09-12,PURISIMA,WESA,Shorebird,1
2016-10-17,NORTH,CAGU,Gull,1
2016-10-17,NORTH,DUNL,Shorebird,14
2016-10-17,NORTH,SAND,Shorebird,1096
2016-10-17,NORTH,SNPL,Shorebird,85
2016-10-17,NORTH,WEGU,Gull,12
2016-10-17,NORTH,WESA,Shorebird,2
2016-10-17,PURISIMA,SAND,Shorebird,90
2016-10-17,SOUTH,CAGU,Gull,1
2016-10-17,SOUTH,LBCU,Shorebird,1
2016-10-17,SOUTH,SAND,Shorebird,479
2016-10-17,SOUTH,SNPL,Shorebird,84
2016-10-17,SOUTH,WEGU,Gull,5
2016-10-17,SOUTH,WESA,Shorebird,6
2016-11-28,NORTH,BBPL,Shorebird,3
2016-11-28,NORTH,SAND,Shorebird,287
2016-11-28,NORTH,SNPL,Shorebird,43
2016-11-28,NORTH,WEGU,Gull,9
2016-11-28,PURISIMA,SAND,Shorebird,15
2016-11-28,SOUTH,BBPL,Shorebird,4
2016-11-28,SOUTH,LBCU,Shorebird,3
2016-11-28,SOUTH,SAND,Shorebird,355
2016-11-28,SOUTH,SNPL,Shorebird,90
2016-12-26,NORTH,BBPL,Shorebird,2
2016-12-26,NORTH,CAGU,Gull,1
2016-12-26,NORTH,SAND,Shorebird,345
2016-12-26,NORTH,SNPL,Shorebird,46
2016-12-26,NORTH,WEGU,Gull,8
2016-12-26,PURISIMA,SAND,Shorebird,5
2016-12-26,PURISIMA,SNPL,Shorebird,6
2016-12-26,SOUTH,BBPL,Shorebird,1
2016-12-26,SOUTH,LBCU,Shorebird,4
2016-12-26,SOUTH,SAND,Shorebird,462
2016-12-26,SOUTH,SEPL,Shorebird,1
2016-12-26,SOUTH,SNPL,Shorebird,103
2016-12-26,SOUTH,WEGU,Gull,4
2017-01-23,NORTH,SAND,Shorebird,335
2017-01-23,NORTH,SNPL,Shorebird,55
2017-01-23,PURISIMA,SAND,Shorebird,12
2017-01-23,PURISIMA,SNPL,Shorebird,1
2017-01-23,PURISIMA,WESA,Shorebird,2
2017-01-23,SOUTH,CAGU,Gull,33
2017-01-23,SOUTH,CATE,Tern,3
2017-01-23,SOUTH,HEEG,Gull,5
2017-01-23,SOUTH,LESA,Shorebird,6
2017-01-23,SOUTH,SAND,Shorebird,210
2017-01-23,SOUTH,SNPL,Shorebird,87
2017-01-23,SOUTH,WEGU,Gull,68
2017-02-20,NORTH,SNPL,Shorebird,15
2017-02-20,NORTH,WEGU,Gull,1
2017-02-20,SOUTH,SAND,Shorebird,161
2017-02-20,SOUTH,SNPL,Shorebird,83
2017-02-20,SOUTH,WEGU,Gull,1
2017-03-06,SOUTH,BBPL,Shorebird,4
2017-03-06,SOUTH,SAND,Shorebird,1641
2017-03-06,SOUTH,SNPL,Shorebird,113
2017-03-06,SOUTH,WHIM,Shorebird,1
2017-03-13,NORTH,SAND,Shorebird,522
2017-03-13,NORTH,SNPL,Shorebird,48
2017-03-13,PURISIMA,SNPL,Shorebird,5
2017-03-20,SOUTH,BBPL,Shorebird,1
2017-03-20,SOUTH,SAND,Shorebird,5
2017-03-20,SOUTH,SNPL,Shorebird,24
2017-03-27,SOUTH,SNPL,Shorebird,89
2017-03-27,SOUTH,WHIM,Shorebird,5
2017-04-03,SOUTH,BBPL,Shorebird,98
2017-04-03,SOUTH,DUNL,Shorebird,4
2017-04-03,SOUTH,SAND,Shorebird,50
2017-04-03,SOUTH,SNPL,Shorebird,111
2017-04-03,SOUTH,WESA,Shorebird,12
2017-04-10,NORTH,SAND,Shorebird,33
2017-04-10,NORTH,SEPL,Shorebird,14
2017-04-10,NORTH,SNPL,Shorebird,95
2017-04-10,NORTH,WEGU,Gull,200
2017-04-10,NORTH,WESA,Shorebird,2
2017-04-10,NORTH,WHIM,Shorebird,77
2017-04-10,PURISIMA,SNPL,Shorebird,8
2017-04-17,SOUTH,BBPL,Shorebird,12
2017-04-17,SOUTH,CAGU,Gull,8
2017-04-17,SOUTH,CATE,Tern,29
2017-04-17,SOUTH,SAND,Shorebird,228
2017-04-17,SOUTH,SEPL,Shorebird,87
2017-04-17,SOUTH,SNPL,Shorebird,133
2017-04-17,SOUTH,WEGU,Gull,2
2017-04-17,SOUTH,WESA,Shorebird,42
2017-05-01,SOUTH,BBPL,Shorebird,2
2017-05-01,SOUTH,CAGU,Gull,113
2017-05-01,SOUTH,LBCU,Shorebird,3
2017-05-01,SOUTH,MAGO,Shorebird,1
2017-05-01,SOUTH,SAND,Shorebird,1901
2017-05-01,SOUTH,SEPL,Shorebird,6
2017-05-01,SOUTH,SNPL,Shorebird,164
2017-05-01,SOUTH,WEGU,Gull,101
2017-05-01,SOUTH,WHIM,Shorebird,5
2017-05-08,NORTH,CAGU,Gull,20
2017-05-08,NORTH,SAND,Shorebird,35
2017-05-08,NORTH,SNPL,Shorebird,70
2017-05-08,NORTH,WEGU,Gull,10
2017-05-08,NORTH,WESA,Shorebird,1
2017-05-08,NORTH,WHIM,Shorebird,24
2017-05-08,PURISIMA,SNPL,Shorebird,8
2017-05-08,SOUTH,CAGU,Gull,120
2017-05-08,SOUTH,CATE,Tern,4
2017-05-08,SOUTH,LBCU,Shorebird,1
2017-05-08,SOUTH,MAGO,Shorebird,1
2017-05-08,SOUTH,SAND,Shorebird,3708
2017-05-08,SOUTH,SEPL,Shorebird,1
2017-05-08,SOUTH,SNPL,Shorebird,142
2017-05-08,SOUTH,WEGU,Gull,30
2017-05-08,SOUTH,WHIM,Shorebird,8
2017-05-22,NORTH,CAGU,Gull,328
2017-05-22,NORTH,SAND,Shorebird,1
2017-05-22,NORTH,SEPL,Shorebird,2
2017-05-22,NORTH,SNPL,Shorebird,67
2017-05-22,NORTH,WEGU,Gull,2
2017-05-22,PURISIMA,SNPL,Shorebird,10
2017-05-22,SOUTH,BBPL,Shorebird,1
2017-05-22,SOUTH,CAGU,Gull,194
2017-05-22,SOUTH,MAGO,Shorebird,1
2017-05-22,SOUTH,SAND,Shorebird,158
2017-05-22,SOUTH,SEPL,Shorebird,1
2017-05-22,SOUTH,SNPL,Shorebird,156
2017-05-22,SOUTH,WEGU,Gull,7
2017-05-22,SOUTH,WESA,Shorebird,36
2017-06-05,NORTH,BBPL,Shorebird,2
2017-06-05,NORTH,CAGU,Gull,81
2017-06-05,NORTH,HEEG,Gull,12
2017-06-05,NORTH,SNPL,Shorebird,68
2017-06-05,NORTH,WEGU,Gull,8
2017-06-05,PURISIMA,SNPL,Shorebird,11
2017-06-05,SOUTH,BBPL,Shorebird,2
2017-06-05,SOUTH,CAGU,Gull,95
2017-06-05,SOUTH,CATE,Tern,1
2017-06-05,SOUTH,LBCU,Shorebird,4
2017-06-05,SOUTH,SAND,Shorebird,1
2017-06-05,SOUTH,SEPL,Shorebird,6
2017-06-05,SOUTH,SNPL,Shorebird,176
2017-06-05,SOUTH,WEGU,Gull,52
2017-06-05,SOUTH,WESA,Shorebird,1
2017-06-05,SOUTH,WHIM,Shorebird,1
2017-06-19,NORTH,CAGU,Gull,51
2017-06-19,NORTH,SNPL,Shorebird,57
2017-06-19,NORTH,WEGU,Gull,14
2017-06-19,PURISIMA,CAGU,Gull,1
2017-06-19,PURISIMA,SNPL,Shorebird,11
2017-06-19,SOUTH,BBPL,Shorebird,2
2017-06-19,SOUTH,CAGU,Gull,58
2017-06-19,SOUTH,HEEG,Gull,3
2017-06-19,SOUTH,LBCU,Shorebird,1
2017-06-19,SOUTH,SAND,Shorebird,10
2017-06-19,SOUTH,SNPL,Shorebird,302
2017-06-19,SOUTH,WEGU,Gull,78
2017-06-19,SOUTH,WESA,Shorebird,1
2017-06-26,SOUTH,CAGU,Gull,5
2017-06-26,SOUTH,HEEG,Gull,1
2017-06-26,SOUTH,SNPL,Shorebird,79
2017-06-26,SOUTH,WEGU,Gull,1
2017-07-03,NORTH,CAGU,Gull,3
2017-07-03,NORTH,SAND,Shorebird,1
2017-07-03,NORTH,SNPL,Shorebird,66
2017-07-03,PURISIMA,SNPL,Shorebird,7
2017-07-10,SOUTH,BBPL,Shorebird,3
2017-07-10,SOUTH,CAGU,Gull,14
2017-07-10,SOUTH,CATE,Tern,3
2017-07-10,SOUTH,HEEG,Gull,15
2017-07-10,SOUTH,LBCU,Shorebird,1
2017-07-10,SOUTH,MAGO,Shorebird,3
2017-07-10,SOUTH,SAND,Shorebird,25
2017-07-10,SOUTH,SEPL,Shorebird,7
2017-07-10,SOUTH,SNPL,Shorebird,189
2017-07-10,SOUTH,WEGU,Gull,32
2017-07-10,SOUTH,WESA,Shorebird,20
2017-07-10,SOUTH,WILL,Shorebird,1
2017-07-17,NORTH,CAGU,Gull,3
2017-07-17,NORTH,SAND,Shorebird,20
2017-07-17,NORTH,SEPL,Shorebird,3
2017-07-17,NORTH,SNPL,Shorebird,93
2017-07-17,NORTH,WESA,Shorebird,1
2017-07-17,NORTH,WHIM,Shorebird,4
2017-07-17,PURISIMA,SNPL,Shorebird,2
2017-07-24,SOUTH,BBPL,Shorebird,22
2017-07-24,SOUTH,CAGU,Gull,22
2017-07-24,SOUTH,CATE,Tern,2
2017-07-24,SOUTH,ELTE,Tern,1
2017-07-24,SOUTH,HEEG,Gull,6
2017-07-24,SOUTH,LBCU,Shorebird,1
2017-07-24,SOUTH,LETE,Tern,40
2017-07-24,SOUTH,SAND,Shorebird,577
2017-07-24,SOUTH,SEPL,Shorebird,15
2017-07-24,SOUTH,SNPL,Shorebird,203
2017-07-24,SOUTH,WEGU,Gull,50
2017-07-24,SOUTH,WESA,Shorebird,11
2017-07-24,SOUTH,WHIM,Shorebird,23
2017-07-31,NORTH,BBPL,Shorebird,18
2017-07-31,NORTH,CAGU,Gull,2
2017-07-31,NORTH,LBCU,Shorebird,5
2017-07-31,NORTH,SAND,Shorebird,9
2017-07-31,NORTH,SEPL,Shorebird,1
2017-07-31,NORTH,SNPL,Shorebird,78
2017-07-31,NORTH,WHIM,Shorebird,7
2017-07-31,PURISIMA,BBPL,Shorebird,7
2017-07-31,PURISIMA,SNPL,Shorebird,8
2017-08-07,SOUTH,BBPL,Shorebird,22
2017-08-07,SOUTH,CAGU,Gull,72
2017-08-07,SOUTH,CATE,Tern,14
2017-08-07,SOUTH,HEEG,Gull,57
2017-08-07,SOUTH,LBCU,Shorebird,7
2017-08-07,SOUTH,MAGO,Shorebird,1
2017-08-07,SOUTH,SAND,Shorebird,447
2017-08-07,SOUTH,SEPL,Shorebird,8
2017-08-07,SOUTH,SNPL,Shorebird,176
2017-08-07,SOUTH,WEGU,Gull,55
2017-08-07,SOUTH,WHIM,Shorebird,10
2017-08-07,SOUTH,WILL,Shorebird,18
2017-08-14,NORTH,BBPL,Shorebird,2
2017-08-14,NORTH,CAGU,Gull,37
2017-08-14,NORTH,CATE,Tern,2
2017-08-14,NORTH,HEEG,Gull,47
2017-08-14,NORTH,LBCU,Shorebird,42
2017-08-14,NORTH,LESA,Shorebird,5
2017-08-14,NORTH,MAGO,Shorebird,3
2017-08-14,NORTH,SAND,Shorebird,85
2017-08-14,NORTH,SEPL,Shorebird,2
2017-08-14,NORTH,SNPL,Shorebird,75
2017-08-14,NORTH,WEGU,Gull,12
2017-08-14,NORTH,WHIM,Shorebird,20
2017-08-14,NORTH,WILL,Shorebird,28
2017-08-14,PURISIMA,BBPL,Shorebird,4
2017-08-14,PURISIMA,SAND,Shorebird,24
2017-08-14,PURISIMA,SEPL,Shorebird,2
2017-08-14,PURISIMA,SNPL,Shorebird,7
2017-08-21,SOUTH,BBPL,Shorebird,11
2017-08-21,SOUTH,CAGU,Gull,21
2017-08-21,SOUTH,CATE,Tern,20
2017-08-21,SOUTH,HEEG,Gull,8
2017-08-21,SOUTH,LBCU,Shorebird,93
2017-08-21,SOUTH,MAGO,Shorebird,30
2017-08-21,SOUTH,ROTE,Tern,5
2017-08-21,SOUTH,SAND,Shorebird,1846
2017-08-21,SOUTH,SEPL,Shorebird,15
2017-08-21,SOUTH,SNPL,Shorebird,379
2017-08-21,SOUTH,WEGU,Gull,149
2017-08-21,SOUTH,WESA,Shorebird,16
2017-08-21,SOUTH,WHIM,Shorebird,1
2017-08-21,SOUTH,WILL,Shorebird,5
2017-08-28,NORTH,BBPL,Shorebird,195
2017-08-28,NORTH,CAGU,Gull,104
2017-08-28,NORTH,HEEG,Gull,166
2017-08-28,NORTH,LBCU,Shorebird,39
2017-08-28,NORTH,MAGO,Shorebird,34
2017-08-28,NORTH,SAND,Shorebird,235
2017-08-28,NORTH,SEPL,Shorebird,5
2017-08-28,NORTH,SNPL,Shorebird,104
2017-08-28,NORTH,WEGU,Gull,37
2017-08-28,NORTH,WESA,Shorebird,5
2017-08-28,NORTH,WHIM,Shorebird,10
2017-08-28,PURISIMA,BBPL,Shorebird,45
2017-08-28,PURISIMA,CAGU,Gull,3
2017-08-28,PURISIMA,SAND,Shorebird,370
2017-08-28,PURISIMA,SNPL,Shorebird,17
2017-08-28,PURISIMA,WEGU,Gull,14
2017-09-04,SOUTH,BBPL,Shorebird,2
2017-09-04,SOUTH,CAGU,Gull,14
2017-09-04,SOUTH,ELTE,Tern,8
2017-09-04,SOUTH,HEEG,Gull,10
2017-09-04,SOUTH,LBCU,Shorebird,58
2017-09-04,SOUTH,MAGO,Shorebird,26
2017-09-04,SOUTH,ROTE,Tern,10
2017-09-04,SOUTH,SAND,Shorebird,296
2017-09-04,SOUTH,SEPL,Shorebird,17
2017-09-04,SOUTH,SNPL,Shorebird,172
2017-09-04,SOUTH,WEGU,Gull,47
2017-09-04,SOUTH,WHIM,Shorebird,20
2017-09-11,NORTH,BBPL,Shorebird,6
2017-09-11,NORTH,CAGU,Gull,85
2017-09-11,NORTH,HEEG,Gull,173
2017-09-11,NORTH,LBCU,Shorebird,4
2017-09-11,NORTH,MAGO,Shorebird,1
2017-09-11,NORTH,SAND,Shorebird,12
2017-09-11,NORTH,SEPL,Shorebird,11
2017-09-11,NORTH,SNPL,Shorebird,116
2017-09-11,NORTH,WEGU,Gull,115
2017-09-11,NORTH,WHIM,Shorebird,1
2017-09-11,PURISIMA,BBPL,Shorebird,3
2017-09-11,PURISIMA,SAND,Shorebird,5
2017-09-11,PURISIMA,SNPL,Shorebird,2
2017-09-18,SOUTH,BBPL,Shorebird,2
2017-09-18,SOUTH,CAGU,Gull,15
2017-09-18,SOUTH,ELTE,Tern,2
2017-09-18,SOUTH,LBCU,Shorebird,40
2017-09-18,SOUTH,LESA,Shorebird,25
2017-09-18,SOUTH,ROTE,Tern,11
2017-09-18,SOUTH,SAND,Shorebird,447
2017-09-18,SOUTH,SEPL,Shorebird,17
2017-09-18,SOUTH,SNPL,Shorebird,188
2017-09-18,SOUTH,WEGU,Gull,40
2017-09-18,SOUTH,WHIM,Shorebird,2
2017-09-25,NORTH,BBPL,Shorebird,75
2017-09-25,NORTH,CAGU,Gull,2
2017-09-25,NORTH,DUNL,Shorebird,2
2017-09-25,NORTH,LBCU,Shorebird,2
2017-09-25,NORTH,SAND,Shorebird,578
2017-09-25,NORTH,SEPL,Shorebird,4
2017-09-25,NORTH,SNPL,Shorebird,90
2017-09-25,NORTH,WEGU,Gull,27
2017-09-25,PURISIMA,BBPL,Shorebird,13
2017-09-25,PURISIMA,LBCU,Shorebird,4
2017-09-25,PURISIMA,SAND,Shorebird,84
2017-10-09,NORTH,BBPL,Shorebird,28
2017-10-09,NORTH,CAGU,Gull,3
2017-10-09,NORTH,LBCU,Shorebird,14
2017-10-09,NORTH,SAND,Shorebird,801
2017-10-09,NORTH,SEPL,Shorebird,2
2017-10-09,NORTH,SNPL,Shorebird,85
2017-10-09,NORTH,WEGU,Gull,21
2017-10-09,PURISIMA,BBPL,Shorebird,3
2017-10-09,PURISIMA,SAND,Shorebird,7
2017-10-09,SOUTH,BBPL,Shorebird,37
2017-10-09,SOUTH,LBCU,Shorebird,50
2017-10-09,SOUTH,MAGO,Shorebird,54
2017-10-09,SOUTH,SAND,Shorebird,305
2017-10-09,SOUTH,SEPL,Shorebird,1
2017-10-09,SOUTH,SNPL,Shorebird,90
2017-10-09,SOUTH,WEGU,Gull,10
2017-10-09,SOUTH,WHIM,Shorebird,2
2017-11-13,NORTH,BBPL,Shorebird,85
2017-11-13,NORTH,CAGU,Gull,37
2017-11-13,NORTH,ELTE,Tern,1
2017-11-13,NORTH,HEEG,Gull,10
2017-11-13,NORTH,LBCU,Shorebird,13
2017-11-13,NORTH,SAND,Shorebird,475
2017-11-13,NORTH,SNPL,Shorebird,62
2017-11-13,NORTH,WEGU,Gull,37
2017-11-13,NORTH,WHIM,Shorebird,5
2017-11-13,PURISIMA,BBPL,Shorebird,4
2017-11-13,PURISIMA,SAND,Shorebird,5
2017-11-13,PURISIMA,SNPL,Shorebird,1
2017-11-13,PURISIMA,WEGU,Gull,2
2017-11-13,SOUTH,BBPL,Shorebird,21
2017-11-13,SOUTH,CAGU,Gull,41
2017-11-13,SOUTH,LBCU,Shorebird,18
2017-11-13,SOUTH,MAGO,Shorebird,1
2017-11-13,SOUTH,SAND,Shorebird,302
2017-11-13,SOUTH,SNPL,Shorebird,93
2017-11-13,SOUTH,WEGU,Gull,4
2017-11-13,SOUTH,WESA,Shorebird,3
2017-12-18,NORTH,BBPL,Shorebird,91
2017-12-18,NORTH,CAGU,Gull,2
2017-12-18,NORTH,LBCU,Shorebird,14
2017-12-18,NORTH,SAND,Shorebird,186
2017-12-18,NORTH,SNPL,Shorebird,94
2017-12-18,NORTH,WEGU,Gull,10
2017-12-18,PURISIMA,BBPL,Shorebird,21
2017-12-18,PURISIMA,SAND,Shorebird,4
2017-12-18,SOUTH,BBPL,Shorebird,26
2017-12-18,SOUTH,CAGU,Gull,80
2017-12-18,SOUTH,LESA,Shorebird,1
2017-12-18,SOUTH,SAND,Shorebird,166
2017-12-18,SOUTH,SNPL,Shorebird,80
2018-01-22,NORTH,BBPL,Shorebird,6
2018-01-22,NORTH,CAGU,Gull,1
2018-01-22,NORTH,LBCU,Shorebird,3
2018-01-22,NORTH,SAND,Shorebird,340
2018-01-22,NORTH,SNPL,Shorebird,37
2018-01-22,NORTH,WEGU,Gull,2
2018-01-22,SOUTH,BBPL,Shorebird,10
2018-01-22,SOUTH,CAGU,Gull,10
2018-01-22,SOUTH,LESA,Shorebird,1
2018-01-22,SOUTH,SAND,Shorebird,338
2018-01-22,SOUTH,SNPL,Shorebird,80
2018-01-22,SOUTH,WEGU,Gull,6
2018-02-19,NORTH,BBPL,Shorebird,31
2018-02-19,NORTH,LBCU,Shorebird,10
2018-02-19,NORTH,SAND,Shorebird,281
2018-02-19,NORTH,SNPL,Shorebird,49
2018-02-19,PURISIMA,BBPL,Shorebird,1
2018-02-19,PURISIMA,SAND,Shorebird,21
2018-02-19,PURISIMA,SNPL,Shorebird,3
2018-02-19,SOUTH,BBPL,Shorebird,12
2018-02-19,SOUTH,SAND,Shorebird,386
2018-02-19,SOUTH,SNPL,Shorebird,84
2018-03-05,SOUTH,BBPL,Shorebird,13
2018-03-05,SOUTH,CAGU,Gull,4
2018-03-05,SOUTH,LBCU,Shorebird,1
2018-03-05,SOUTH,SAND,Shorebird,405
2018-03-05,SOUTH,SNPL,Shorebird,134
2018-03-05,SOUTH,WHIM,Shorebird,1
2018-03-12,NORTH,SAND,Shorebird,198
2018-03-12,NORTH,SNPL,Shorebird,103
2018-03-12,NORTH,WESA,Shorebird,13
2018-03-12,NORTH,WHIM,Shorebird,4
2018-03-12,PURISIMA,SNPL,Shorebird,5
2018-03-19,SOUTH,BBPL,Shorebird,8
2018-03-19,SOUTH,LBCU,Shorebird,4
2018-03-19,SOUTH,SAND,Shorebird,621
2018-03-19,SOUTH,SNPL,Shorebird,99
2018-03-19,SOUTH,WHIM,Shorebird,3
2018-03-26,NORTH,BBPL,Shorebird,3
2018-03-26,NORTH,CAGU,Gull,1
2018-03-26,NORTH,SAND,Shorebird,589
2018-03-26,NORTH,SNPL,Shorebird,102
2018-03-26,NORTH,WESA,Shorebird,1
2018-03-26,NORTH,WHIM,Shorebird,45
2018-03-26,PURISIMA,SNPL,Shorebird,3
2018-04-02,SOUTH,BBPL,Shorebird,38
2018-04-02,SOUTH,LBCU,Shorebird,3
2018-04-02,SOUTH,SAND,Shorebird,693
2018-04-02,SOUTH,SNPL,Shorebird,162
2018-04-02,SOUTH,WEGU,Gull,1
2018-04-02,SOUTH,WESA,Shorebird,76
2018-04-02,SOUTH,WHIM,Shorebird,14
2018-04-16,SOUTH,BBPL,Shorebird,20
2018-04-16,SOUTH,SAND,Shorebird,1719
2018-04-16,SOUTH,SEPL,Shorebird,23
2018-04-16,SOUTH,SNPL,Shorebird,95
2018-04-16,SOUTH,WEGU,Gull,3
2018-04-16,SOUTH,WESA,Shorebird,4
2018-04-16,SOUTH,WHIM,Shorebird,2
2018-04-23,NORTH,BBPL,Shorebird,7
2018-04-23,NORTH,CAGU,Gull,1
2018-04-23,NORTH,LBCU,Shorebird,1
2018-04-23,NORTH,SAND,Shorebird,142
2018-04-23,NORTH,SEPL,Shorebird,31
2018-04-23,NORTH,SNPL,Shorebird,88
2018-04-23,NORTH,WEGU,Gull,4
2018-04-23,NORTH,WESA,Shorebird,1
2018-04-23,NORTH,WHIM,Shorebird,6
2018-04-23,PURISIMA,SAND,Shorebird,2
2018-04-23,PURISIMA,SEPL,Shorebird,3
2018-04-23,PURISIMA,SNPL,Shorebird,11
2018-04-30,SOUTH,BBPL,Shorebird,5
2018-04-30,SOUTH,MAGO,Shorebird,1
2018-04-30,SOUTH,SAND,Shorebird,1645
2018-04-30,SOUTH,SEPL,Shorebird,55
2018-04-30,SOUTH,SNPL,Shorebird,141
2018-04-30,SOUTH,WESA,Shorebird,65
2018-04-30,SOUTH,WHIM,Shorebird,1
2018-05-07,NORTH,BBPL,Shorebird,5
2018-05-07,NORTH,CAGU,Gull,55
2018-05-07,NORTH,SAND,Shorebird,838
2018-05-07,NORTH,SEPL,Shorebird,15
2018-05-07,NORTH,SNPL,Shorebird,66
2018-05-07,NORTH,WEGU,Gull,58
2018-05-07,NORTH,WHIM,Shorebird,29
2018-05-07,PURISIMA,BBPL,Shorebird,2
2018-05-07,PURISIMA,SAND,Shorebird,11
2018-05-07,PURISIMA,SNPL,Shorebird,5
2018-05-07,SOUTH,BBPL,Shorebird,2
2018-05-07,SOUTH,SAND,Shorebird,878
2018-05-07,SOUTH,SEPL,Shorebird,4
2018-05-07,SOUTH,SNPL,Shorebird,166
2018-05-07,SOUTH,WEGU,Gull,3
2018-05-21,NORTH,CAGU,Gull,3
2018-05-21,NORTH,SNPL,Shorebird,66
2018-05-21,PURISIMA,SAND,Shorebird,1
2018-05-21,PURISIMA,SNPL,Shorebird,7
2018-05-21,SOUTH,BBPL,Shorebird,3
2018-05-21,SOUTH,CAGU,Gull,91
2018-05-21,SOUTH,LBCU,Shorebird,1
2018-05-21,SOUTH,SAND,Shorebird,71
2018-05-21,SOUTH,SEPL,Shorebird,3
2018-05-21,SOUTH,SNPL,Shorebird,147
2018-05-21,SOUTH,WEGU,Gull,9
2018-05-21,SOUTH,WHIM,Shorebird,1
2018-06-04,NORTH,CAGU,Gull,106
2018-06-04,NORTH,SAND,Shorebird,10
2018-06-04,NORTH,SNPL,Shorebird,85
2018-06-04,NORTH,WEGU,Gull,5
2018-06-04,PURISIMA,CAGU,Gull,1
2018-06-04,PURISIMA,SNPL,Shorebird,7
2018-06-04,SOUTH,BBPL,Shorebird,9
2018-06-04,SOUTH,CAGU,Gull,88
2018-06-04,SOUTH,CATE,Tern,2
2018-06-04,SOUTH,SNPL,Shorebird,183
2018-06-04,SOUTH,WEGU,Gull,4
2018-06-18,NORTH,CAGU,Gull,53
2018-06-18,NORTH,LBCU,Shorebird,1
2018-06-18,NORTH,SNPL,Shorebird,89
2018-06-18,NORTH,WEGU,Gull,5
2018-06-18,PURISIMA,CAGU,Gull,5
2018-06-18,PURISIMA,SNPL,Shorebird,5
2018-06-18,PURISIMA,WEGU,Gull,4
2018-06-18,SOUTH,BBPL,Shorebird,21
2018-06-18,SOUTH,CAGU,Gull,47
2018-06-18,SOUTH,CATE,Tern,9
2018-06-18,SOUTH,HEEG,Gull,5
2018-06-18,SOUTH,SAND,Shorebird,3
2018-06-18,SOUTH,SEPL,Shorebird,10
2018-06-18,SOUTH,SNPL,Shorebird,207
2018-06-18,SOUTH,WEGU,Gull,30
2018-06-18,SOUTH,WHIM,Shorebird,2
2018-07-02,NORTH,CAGU,Gull,38
2018-07-02,NORTH,SNPL,Shorebird,67
2018-07-02,NORTH,WEGU,Gull,79
2018-07-02,PURISIMA,CAGU,Gull,1
2018-07-02,PURISIMA,SNPL,Shorebird,1
2018-07-09,SOUTH,CAGU,Gull,14
2018-07-09,SOUTH,MAGO,Shorebird,6
2018-07-09,SOUTH,SEPL,Shorebird,20
2018-07-09,SOUTH,SNPL,Shorebird,215
2018-07-09,SOUTH,WEGU,Gull,25
2018-07-09,SOUTH,WHIM,Shorebird,32
2018-07-16,NORTH,CAGU,Gull,4
2018-07-16,NORTH,HEEG,Gull,120
2018-07-16,NORTH,MAGO,Shorebird,2
2018-07-16,NORTH,SAND,Shorebird,5
2018-07-16,NORTH,SNPL,Shorebird,74
2018-07-16,NORTH,WEGU,Gull,72
2018-07-16,NORTH,WESA,Shorebird,16
2018-07-16,NORTH,WHIM,Shorebird,47
2018-07-16,PURISIMA,SNPL,Shorebird,6
2018-07-23,SOUTH,BBPL,Shorebird,3
2018-07-23,SOUTH,CAGU,Gull,15
2018-07-23,SOUTH,CATE,Tern,3
2018-07-23,SOUTH,HEEG,Gull,1
2018-07-23,SOUTH,SAND,Shorebird,163
2018-07-23,SOUTH,SEPL,Shorebird,31
2018-07-23,SOUTH,SNPL,Shorebird,194
2018-07-23,SOUTH,WEGU,Gull,15
2018-07-23,SOUTH,WESA,Shorebird,10
2018-07-23,SOUTH,WHIM,Shorebird,1
2018-07-23,SOUTH,WILL,Shorebird,1
2018-07-30,NORTH,BBPL,Shorebird,3
2018-07-30,NORTH,CAGU,Gull,1
2018-07-30,NORTH,LBCU,Shorebird,3
2018-07-30,NORTH,SEPL,Shorebird,3
2018-07-30,NORTH,SNPL,Shorebird,68
2018-07-30,NORTH,WEGU,Gull,15
2018-07-30,NORTH,WHIM,Shorebird,8
2018-07-30,PURISIMA,BBPL,Shorebird,15
2018-07-30,PURISIMA,CAGU,Gull,15
2018-07-30,PURISIMA,HEEG,Gull,10
2018-07-30,PURISIMA,SAND,Shorebird,50
2018-07-30,PURISIMA,SNPL,Shorebird,8
2018-07-30,PURISIMA,WEGU,Gull,18
2018-08-13,NORTH,BBPL,Shorebird,51
2018-08-13,NORTH,CAGU,Gull,11
2018-08-13,NORTH,CATE,Tern,5
2018-08-13,NORTH,HEEG,Gull,21
2018-08-13,NORTH,LBCU,Shorebird,2
2018-08-13,NORTH,SAND,Shorebird,220
2018-08-13,NORTH,SEPL,Shorebird,11
2018-08-13,NORTH,SNPL,Shorebird,85
2018-08-13,NORTH,WEGU,Gull,62
2018-08-13,NORTH,WESA,Shorebird,20
2018-08-13,NORTH,WHIM,Shorebird,1
2018-08-13,PURISIMA,BBPL,Shorebird,17
2018-08-13,PURISIMA,SAND,Shorebird,40
2018-08-13,PURISIMA,SNPL,Shorebird,12
2018-08-13,PURISIMA,WEGU,Gull,7
2018-08-13,SOUTH,BBPL,Shorebird,2
2018-08-13,SOUTH,CAGU,Gull,4
2018-08-13,SOUTH,LBCU,Shorebird,13
2018-08-13,SOUTH,SAND,Shorebird,733
2018-08-13,SOUTH,SEPL,Shorebird,50
2018-08-13,SOUTH,SNPL,Shorebird,211
2018-08-13,SOUTH,WEGU,Gull,22
2018-08-13,SOUTH,WESA,Shorebird,10
2018-08-13,SOUTH,WILL,Shorebird,10
2018-08-20,SOUTH,CAGU,Gull,3
2018-08-20,SOUTH,CATE,Tern,5
2018-08-20,SOUTH,LBCU,Shorebird,22
2018-08-20,SOUTH,MAGO,Shorebird,27
2018-08-20,SOUTH,ROTE,Tern,15
2018-08-20,SOUTH,SAND,Shorebird,1123
2018-08-20,SOUTH,SEPL,Shorebird,21
2018-08-20,SOUTH,SNPL,Shorebird,183
2018-08-20,SOUTH,WEGU,Gull,40
2018-08-20,SOUTH,WESA,Shorebird,78
2018-08-20,SOUTH,WHIM,Shorebird,10
2018-08-20,SOUTH,WILL,Shorebird,1
2018-08-27,NORTH,CAGU,Gull,22
2018-08-27,NORTH,HEEG,Gull,37
2018-08-27,NORTH,LBCU,Shorebird,35
2018-08-27,NORTH,MAGO,Shorebird,64
2018-08-27,NORTH,ROTE,Tern,26
2018-08-27,NORTH,SEPL,Shorebird,1
2018-08-27,NORTH,SNPL,Shorebird,69
2018-08-27,NORTH,WEGU,Gull,42
2018-08-27,NORTH,WHIM,Shorebird,2
2018-08-27,NORTH,WILL,Shorebird,2
2018-08-27,PURISIMA,SAND,Shorebird,185
2018-08-27,PURISIMA,SNPL,Shorebird,7
2018-08-27,PURISIMA,WEGU,Gull,1
2018-09-03,SOUTH,BBPL,Shorebird,6
2018-09-03,SOUTH,CAGU,Gull,42
2018-09-03,SOUTH,CATE,Tern,11
2018-09-03,SOUTH,ELTE,Tern,14
2018-09-03,SOUTH,HEEG,Gull,5
2018-09-03,SOUTH,LBCU,Shorebird,36
2018-09-03,SOUTH,MAGO,Shorebird,47
2018-09-03,SOUTH,ROTE,Tern,33
2018-09-03,SOUTH,SAND,Shorebird,682
2018-09-03,SOUTH,SEPL,Shorebird,43
2018-09-03,SOUTH,SNPL,Shorebird,184
2018-09-03,SOUTH,WEGU,Gull,61
2018-09-03,SOUTH,WESA,Shorebird,28
2018-09-03,SOUTH,WHIM,Shorebird,4
2018-09-03,SOUTH,WILL,Shorebird,1
2018-09-10,NORTH,BBPL,Shorebird,2
2018-09-10,NORTH,CAGU,Gull,249
2018-09-10,NORTH,ELTE,Tern,58
2018-09-10,NORTH,HEEG,Gull,131
2018-09-10,NORTH,LBCU,Shorebird,10
2018-09-10,NORTH,MAGO,Shorebird,6
2018-09-10,NORTH,ROTE,Tern,12
2018-09-10,NORTH,SAND,Shorebird,273
2018-09-10,NORTH,SEPL,Shorebird,6
2018-09-10,NORTH,SNPL,Shorebird,86
2018-09-10,NORTH,WEGU,Gull,32
2018-09-10,NORTH,WESA,Shorebird,2
2018-09-10,NORTH,WHIM,Shorebird,10
2018-09-10,NORTH,WILL,Shorebird,1
2018-09-10,PURISIMA,BBPL,Shorebird,1
2018-09-10,PURISIMA,LBCU,Shorebird,1
2018-09-10,PURISIMA,MAGO,Shorebird,3
2018-09-10,PURISIMA,SAND,Shorebird,15
2018-09-10,PURISIMA,WEGU,Gull,3
2018-09-10,PURISIMA,WHIM,Shorebird,2
2018-09-17,SOUTH,BBPL,Shorebird,32
2018-09-17,SOUTH,CAGU,Gull,3
2018-09-17,SOUTH,LBCU,Shorebird,32
2018-09-17,SOUTH,MAGO,Shorebird,7
2018-09-17,SOUTH,SAND,Shorebird,313
2018-09-17,SOUTH,SEPL,Shorebird,35
2018-09-17,SOUTH,SNPL,Shorebird,186
2018-09-17,SOUTH,WEGU,Gull,54
2018-09-17,SOUTH,WESA,Shorebird,50
2018-09-17,SOUTH,WHIM,Shorebird,2
2018-09-24,NORTH,BBPL,Shorebird,4
2018-09-24,NORTH,CAGU,Gull,53
2018-09-24,NORTH,ELTE,Tern,2
2018-09-24,NORTH,HEEG,Gull,12
2018-09-24,NORTH,LBCU,Shorebird,114
2018-09-24,NORTH,MAGO,Shorebird,79
2018-09-24,NORTH,SAND,Shorebird,834
2018-09-24,NORTH,SEPL,Shorebird,1
2018-09-24,NORTH,SNPL,Shorebird,161
2018-09-24,NORTH,WEGU,Gull,53
2018-09-24,NORTH,WESA,Shorebird,2
2018-09-24,NORTH,WHIM,Shorebird,4
2018-09-24,PURISIMA,SAND,Shorebird,15
2018-09-24,PURISIMA,SEPL,Shorebird,9
2018-09-24,PURISIMA,SNPL,Shorebird,2
2018-09-24,PURISIMA,WEGU,Gull,2
2018-09-24,PURISIMA,WESA,Shorebird,1
2018-10-15,NORTH,BBPL,Shorebird,5
2018-10-15,NORTH,CAGU,Gull,146
2018-10-15,NORTH,HEEG,Gull,1
2018-10-15,NORTH,ROTE,Tern,10
2018-10-15,NORTH,SAND,Shorebird,561
2018-10-15,NORTH,SNPL,Shorebird,149
2018-10-15,NORTH,WEGU,Gull,45
2018-10-15,SOUTH,BBPL,Shorebird,23
2018-10-15,SOUTH,CAGU,Gull,3
2018-10-15,SOUTH,ROTE,Tern,13
2018-10-15,SOUTH,SAND,Shorebird,286
2018-10-15,SOUTH,SEPL,Shorebird,2
2018-10-15,SOUTH,SNPL,Shorebird,111
2018-10-15,SOUTH,WESA,Shorebird,1
2018-11-12,NORTH,BBPL,Shorebird,79
2018-11-12,NORTH,CAGU,Gull,2
2018-11-12,NORTH,SAND,Shorebird,220
2018-11-12,NORTH,SNPL,Shorebird,107
2018-11-12,NORTH,WEGU,Gull,6
2018-11-12,NORTH,WESA,Shorebird,1
2018-11-12,NORTH,WILL,Shorebird,1
2018-11-12,PURISIMA,BBPL,Shorebird,1
2018-11-12,PURISIMA,SAND,Shorebird,13
2018-11-12,PURISIMA,SNPL,Shorebird,10
2018-11-12,SOUTH,BBPL,Shorebird,30
2018-11-12,SOUTH,CAGU,Gull,3
2018-11-12,SOUTH,SAND,Shorebird,101
2018-11-12,SOUTH,SNPL,Shorebird,97
2018-12-10,NORTH,BBPL,Shorebird,14
2018-12-10,NORTH,CAGU,Gull,1
2018-12-10,NORTH,LBCU,Shorebird,23
2018-12-10,NORTH,SAND,Shorebird,360
2018-12-10,NORTH,SNPL,Shorebird,129
2018-12-10,NORTH,WEGU,Gull,5
2018-12-10,PURISIMA,SAND,Shorebird,18
2018-12-10,PURISIMA,SNPL,Shorebird,2
2018-12-10,SOUTH,BBPL,Shorebird,9
2018-12-10,SOUTH,DUNL,Shorebird,8
2018-12-10,SOUTH,ROTE,Tern,1
2018-12-10,SOUTH,SAND,Shorebird,166
2018-12-10,SOUTH,SEPL,Shorebird,1
2018-12-10,SOUTH,SNPL,Shorebird,110
2018-12-10,SOUTH,WEGU,Gull,14
2019-01-28,NORTH,BBPL,Shorebird,4
2019-01-28,NORTH,LBCU,Shorebird,1
2019-01-28,NORTH,SAND,Shorebird,241
2019-01-28,NORTH,SNPL,Shorebird,86
2019-01-28,NORTH,WEGU,Gull,1
2019-01-28,PURISIMA,BBPL,Shorebird,3
2019-01-28,PURISIMA,SAND,Shorebird,20
2019-01-28,PURISIMA,SNPL,Shorebird,5
2019-01-28,SOUTH,LBCU,Shorebird,16
2019-01-28,SOUTH,SAND,Shorebird,207
2019-01-28,SOUTH,SNPL,Shorebird,199
2019-01-28,SOUTH,WEGU,Gull,5
2019-01-28,SOUTH,WHIM,Shorebird,1
2019-02-18,SOUTH,CAGU,Gull,1
2019-02-18,SOUTH,SAND,Shorebird,169
2019-02-18,SOUTH,SNPL,Shorebird,68
2019-02-18,SOUTH,WEGU,Gull,4
